SKU,week_num,year,discount
74430,1,2018,0.15
69978,1,2018,0.05
81955,1,2018,0.15
78953,1,2018,0.1
43034,1,2018,0.05
11799,1,2018,0.05
97082,2,2018,0.05
97082,3,2018,0.05
38664,3,2018,0.1
97082,4,2018,0.1
38664,4,2018,0.1
97082,5,2018,0.1
38664,5,2018,0.05
38664,6,2018,0.15
38664,7,2018,0.1
74430,8,2018,0.1
97082,8,2018,0.1
38664,8,2018,0.05
38664,9,2018,0.1
97082,9,2018,0.1
69978,9,2018,0.05
74430,9,2018,0.05
38664,10,2018,0.1
85450,10,2018,0.2
97082,10,2018,0.15
69978,10,2018,0.1
74430,10,2018,0.15
74430,11,2018,0.05
69978,11,2018,0.1
97082,11,2018,0.05
85450,11,2018,0.1
38664,11,2018,0.05
69978,12,2018,0.05
97082,12,2018,0.2
85450,12,2018,0.05
43034,12,2018,0.05
38664,12,2018,0.05
43034,13,2018,0.15
74430,13,2018,0.1
69978,13,2018,0.05
97082,13,2018,0.15
38664,13,2018,0.15
43034,14,2018,0.05
38664,14,2018,0.1
97082,14,2018,0.05
69978,14,2018,0.1
85450,14,2018,0.05
74430,14,2018,0.05
69978,15,2018,0.05
97082,15,2018,0.05
43034,15,2018,0.05
85450,15,2018,0.05
38664,15,2018,0.05
74430,15,2018,0.1
69978,16,2018,0.05
74430,16,2018,0.15
43034,16,2018,0.1
97082,16,2018,0.1
85450,16,2018,0.1
38664,16,2018,0.15
69978,17,2018,0.1
85450,17,2018,0.1
43034,17,2018,0.1
32675,17,2018,0.05
97082,17,2018,0.1
32675,18,2018,0.2
43034,18,2018,0.1
97082,18,2018,0.05
85450,18,2018,0.05
74430,18,2018,0.05
85450,19,2018,0.05
97876,19,2018,0.1
53146,19,2018,0.1
43034,19,2018,0.2
38664,19,2018,0.05
32675,19,2018,0.1
53332,19,2018,0.2
74430,19,2018,0.15
97082,19,2018,0.1
69978,19,2018,0.1
32675,20,2018,0.2
74430,20,2018,0.2
53146,20,2018,0.05
43034,20,2018,0.1
97876,20,2018,0.15
53332,20,2018,0.1
97082,20,2018,0.05
38664,20,2018,0.05
42888,20,2018,0.15
32675,21,2018,0.15
53332,21,2018,0.2
69978,21,2018,0.2
85450,21,2018,0.05
74430,21,2018,0.15
43034,21,2018,0.2
38664,21,2018,0.05
97876,21,2018,0.1
11799,21,2018,0.05
63134,21,2018,0.1
97082,21,2018,0.05
53332,22,2018,0.2
42888,22,2018,0.1
97876,22,2018,0.1
43034,22,2018,0.1
53146,22,2018,0.05
32675,22,2018,0.05
85450,22,2018,0.15
11799,22,2018,0.2
97082,22,2018,0.15
69978,22,2018,0.15
63134,22,2018,0.05
74430,23,2018,0.2
38664,23,2018,0.1
11799,23,2018,0.1
97876,23,2018,0.1
69978,23,2018,0.05
53332,23,2018,0.15
43034,23,2018,0.05
97082,23,2018,0.05
42888,23,2018,0.05
63134,23,2018,0.15
85450,23,2018,0.15
32675,23,2018,0.1
42888,24,2018,0.05
97082,24,2018,0.05
74430,24,2018,0.15
43034,24,2018,0.1
53332,24,2018,0.15
32675,24,2018,0.05
38664,24,2018,0.05
63134,24,2018,0.05
69978,24,2018,0.05
11799,24,2018,0.05
53146,24,2018,0.05
97876,24,2018,0.05
97082,25,2018,0.1
42888,25,2018,0.05
38664,25,2018,0.1
32675,25,2018,0.15
53332,25,2018,0.05
43034,25,2018,0.15
69978,25,2018,0.15
74430,25,2018,0.15
15425,25,2018,0.15
11799,25,2018,0.2
97876,25,2018,0.05
53146,25,2018,0.1
11799,26,2018,0.1
38664,26,2018,0.1
74430,26,2018,0.05
15425,26,2018,0.15
53146,26,2018,0.05
53332,26,2018,0.1
97876,26,2018,0.15
32675,26,2018,0.05
42888,26,2018,0.1
63134,26,2018,0.05
43034,26,2018,0.1
69978,26,2018,0.1
38664,27,2018,0.05
81955,27,2018,0.05
11799,27,2018,0.1
63134,27,2018,0.05
97876,27,2018,0.05
43034,27,2018,0.1
74430,27,2018,0.15
15425,27,2018,0.1
32675,27,2018,0.05
53146,27,2018,0.15
42888,27,2018,0.05
53332,27,2018,0.1
69978,27,2018,0.1
97082,27,2018,0.1
35645,28,2018,0.1
53146,28,2018,0.1
63134,28,2018,0.05
97082,28,2018,0.15
11799,28,2018,0.05
74430,28,2018,0.15
32675,28,2018,0.05
42888,28,2018,0.1
53332,28,2018,0.1
69978,28,2018,0.05
43034,28,2018,0.05
81955,28,2018,0.05
97876,28,2018,0.2
15425,28,2018,0.1
38664,28,2018,0.1
63134,29,2018,0.1
53146,29,2018,0.15
38664,29,2018,0.1
97876,29,2018,0.15
69978,29,2018,0.05
11799,29,2018,0.05
32675,29,2018,0.05
53332,29,2018,0.15
81955,29,2018,0.05
35645,29,2018,0.15
43034,29,2018,0.1
15425,29,2018,0.1
97082,29,2018,0.1
42888,29,2018,0.05
74430,29,2018,0.05
32675,30,2018,0.15
35645,30,2018,0.05
74430,30,2018,0.05
38664,30,2018,0.15
11799,30,2018,0.1
69978,30,2018,0.1
15425,30,2018,0.1
81955,30,2018,0.05
97876,30,2018,0.2
97082,30,2018,0.05
53146,30,2018,0.05
43034,30,2018,0.05
53332,30,2018,0.05
86769,30,2018,0.05
69978,31,2018,0.05
43034,31,2018,0.05
15425,31,2018,0.15
81955,31,2018,0.2
11799,31,2018,0.2
42888,31,2018,0.15
38664,31,2018,0.05
32675,31,2018,0.15
97082,31,2018,0.05
63134,31,2018,0.1
74430,31,2018,0.05
35645,31,2018,0.1
97876,31,2018,0.05
86769,31,2018,0.2
53332,31,2018,0.1
38664,32,2018,0.2
97876,32,2018,0.1
53332,32,2018,0.05
81955,32,2018,0.15
69978,32,2018,0.1
74430,32,2018,0.05
35645,32,2018,0.05
53146,32,2018,0.05
32675,32,2018,0.1
15425,32,2018,0.05
63134,32,2018,0.1
43034,32,2018,0.15
11799,32,2018,0.2
42888,32,2018,0.15
86769,32,2018,0.1
74430,33,2018,0.15
43034,33,2018,0.1
42888,33,2018,0.15
32675,33,2018,0.1
81955,33,2018,0.15
35645,33,2018,0.15
97876,33,2018,0.1
63134,33,2018,0.05
86769,33,2018,0.1
69978,33,2018,0.15
53332,33,2018,0.05
53146,33,2018,0.05
38664,33,2018,0.1
11799,33,2018,0.1
97082,33,2018,0.2
97082,34,2018,0.2
35645,34,2018,0.05
15425,34,2018,0.1
53332,34,2018,0.1
43034,34,2018,0.15
81955,34,2018,0.05
53146,34,2018,0.1
63134,34,2018,0.15
42888,34,2018,0.15
97876,34,2018,0.1
69978,34,2018,0.05
11799,34,2018,0.1
32675,34,2018,0.05
38664,34,2018,0.15
86769,34,2018,0.1
74430,34,2018,0.05
86769,35,2018,0.2
53332,35,2018,0.05
97082,35,2018,0.15
11799,35,2018,0.15
43034,35,2018,0.05
63134,35,2018,0.15
35645,35,2018,0.15
81955,35,2018,0.05
15425,35,2018,0.05
97876,35,2018,0.05
74430,35,2018,0.1
53146,35,2018,0.05
38664,35,2018,0.15
42888,35,2018,0.05
74430,36,2018,0.05
69978,36,2018,0.1
38664,36,2018,0.05
63134,36,2018,0.15
88673,36,2018,0.2
42888,36,2018,0.1
53146,36,2018,0.2
81955,36,2018,0.05
15425,36,2018,0.05
53332,36,2018,0.2
86769,36,2018,0.15
97082,36,2018,0.05
11799,36,2018,0.2
97876,36,2018,0.05
32675,36,2018,0.2
35645,36,2018,0.2
74430,37,2018,0.2
15425,37,2018,0.1
53332,37,2018,0.2
97082,37,2018,0.05
81955,37,2018,0.1
88673,37,2018,0.1
97876,37,2018,0.05
32675,37,2018,0.05
43034,37,2018,0.05
53146,37,2018,0.2
38664,37,2018,0.05
35645,37,2018,0.05
63134,37,2018,0.1
42888,37,2018,0.05
86769,37,2018,0.15
74430,38,2018,0.1
11799,38,2018,0.05
43996,38,2018,0.05
32675,38,2018,0.1
81955,38,2018,0.15
86769,38,2018,0.1
42888,38,2018,0.1
53332,38,2018,0.1
43034,38,2018,0.1
33677,38,2018,0.15
78953,38,2018,0.05
97082,38,2018,0.2
38664,38,2018,0.15
97876,38,2018,0.05
15425,38,2018,0.15
53146,38,2018,0.05
69978,38,2018,0.1
88673,38,2018,0.15
43996,39,2018,0.15
88673,39,2018,0.1
53146,39,2018,0.1
97082,39,2018,0.05
11799,39,2018,0.2
81955,39,2018,0.1
78953,39,2018,0.05
15425,39,2018,0.05
42888,39,2018,0.05
32675,39,2018,0.2
38664,39,2018,0.1
63134,39,2018,0.1
97876,39,2018,0.05
86769,39,2018,0.1
53332,39,2018,0.15
33677,39,2018,0.05
43034,39,2018,0.1
69978,40,2018,0.05
33677,40,2018,0.2
53332,40,2018,0.05
43996,40,2018,0.15
35645,40,2018,0.05
81955,40,2018,0.1
32675,40,2018,0.05
42888,40,2018,0.1
97876,40,2018,0.05
86769,40,2018,0.1
11799,40,2018,0.1
43034,40,2018,0.05
74430,40,2018,0.15
15425,40,2018,0.1
78953,40,2018,0.2
63134,40,2018,0.05
97082,40,2018,0.1
88673,40,2018,0.1
42888,41,2018,0.05
32675,41,2018,0.1
69978,41,2018,0.05
63134,41,2018,0.15
88673,41,2018,0.1
15425,41,2018,0.05
78953,41,2018,0.1
43996,41,2018,0.2
11799,41,2018,0.05
53332,41,2018,0.05
53146,41,2018,0.05
43034,41,2018,0.15
74430,41,2018,0.05
86769,41,2018,0.15
35645,41,2018,0.1
81955,41,2018,0.05
97082,41,2018,0.1
38664,41,2018,0.1
86769,42,2018,0.15
63134,42,2018,0.05
11799,42,2018,0.1
74430,42,2018,0.05
53332,42,2018,0.05
38664,42,2018,0.05
97876,42,2018,0.1
97082,42,2018,0.05
88673,42,2018,0.05
32675,42,2018,0.1
42888,42,2018,0.1
53146,42,2018,0.15
43034,42,2018,0.1
35645,42,2018,0.05
78953,42,2018,0.05
32675,43,2018,0.1
35645,43,2018,0.1
69978,43,2018,0.1
42888,43,2018,0.05
15425,43,2018,0.05
63134,43,2018,0.05
53332,43,2018,0.05
74430,43,2018,0.05
78953,43,2018,0.1
88673,43,2018,0.15
43034,43,2018,0.05
11799,43,2018,0.05
33677,43,2018,0.05
38664,43,2018,0.05
86769,43,2018,0.05
81955,43,2018,0.1
43996,43,2018,0.1
53146,43,2018,0.05
97082,44,2018,0.15
15425,44,2018,0.15
32675,44,2018,0.05
42888,44,2018,0.2
11799,44,2018,0.15
97876,44,2018,0.2
38664,44,2018,0.05
69978,44,2018,0.1
63134,44,2018,0.05
17776,44,2018,0.1
43996,44,2018,0.1
74430,44,2018,0.05
86769,44,2018,0.05
67286,44,2018,0.05
53332,44,2018,0.1
35645,44,2018,0.1
33677,44,2018,0.05
53146,44,2018,0.05
78953,44,2018,0.05
81955,44,2018,0.2
11799,45,2018,0.1
78953,45,2018,0.1
38664,45,2018,0.15
33677,45,2018,0.05
43996,45,2018,0.05
53332,45,2018,0.15
35645,45,2018,0.1
15425,45,2018,0.05
97876,45,2018,0.05
74430,45,2018,0.1
43034,45,2018,0.2
42888,45,2018,0.05
17776,45,2018,0.15
86769,45,2018,0.1
32675,45,2018,0.1
69978,45,2018,0.1
81955,45,2018,0.05
88673,45,2018,0.05
63134,45,2018,0.15
67286,45,2018,0.05
16019,45,2018,0.05
53146,45,2018,0.05
97082,45,2018,0.1
35645,46,2018,0.1
53332,46,2018,0.05
97082,46,2018,0.1
33677,46,2018,0.05
17776,46,2018,0.1
97876,46,2018,0.05
88673,46,2018,0.15
63134,46,2018,0.15
42888,46,2018,0.15
53146,46,2018,0.2
74430,46,2018,0.1
16019,46,2018,0.1
43034,46,2018,0.15
81955,46,2018,0.05
43996,46,2018,0.1
15425,46,2018,0.15
86769,46,2018,0.1
32675,46,2018,0.15
38664,46,2018,0.15
11799,46,2018,0.1
78953,46,2018,0.05
67286,46,2018,0.1
33677,47,2018,0.05
35645,47,2018,0.2
86769,47,2018,0.1
69978,47,2018,0.05
43034,47,2018,0.1
97876,47,2018,0.15
81955,47,2018,0.1
63134,47,2018,0.1
53146,47,2018,0.05
78953,47,2018,0.05
38664,47,2018,0.05
53332,47,2018,0.15
97082,47,2018,0.15
32675,47,2018,0.05
11799,47,2018,0.1
16019,47,2018,0.1
88673,47,2018,0.1
17776,47,2018,0.05
15425,47,2018,0.1
74430,47,2018,0.2
88673,48,2018,0.15
63134,48,2018,0.05
53332,48,2018,0.05
38664,48,2018,0.1
33677,48,2018,0.1
17776,48,2018,0.05
74430,48,2018,0.1
35645,48,2018,0.05
97876,48,2018,0.1
78953,48,2018,0.15
16019,48,2018,0.1
15425,48,2018,0.1
43034,48,2018,0.15
86769,48,2018,0.05
97082,48,2018,0.1
32675,48,2018,0.2
53146,48,2018,0.1
11799,48,2018,0.15
42888,48,2018,0.15
81955,48,2018,0.1
67286,48,2018,0.1
43996,48,2018,0.1
88673,49,2018,0.05
67286,49,2018,0.1
42888,49,2018,0.05
43996,49,2018,0.1
43034,49,2018,0.05
15425,49,2018,0.05
97082,49,2018,0.05
63134,49,2018,0.15
86769,49,2018,0.05
97876,49,2018,0.15
69978,49,2018,0.05
35645,49,2018,0.1
53146,49,2018,0.05
32675,49,2018,0.05
78953,49,2018,0.1
53332,49,2018,0.2
16019,49,2018,0.1
28188,49,2018,0.2
74430,49,2018,0.05
17776,49,2018,0.05
81955,49,2018,0.15
11799,49,2018,0.05
33677,49,2018,0.15
28188,50,2018,0.2
43034,50,2018,0.05
67286,50,2018,0.05
43996,50,2018,0.15
69978,50,2018,0.05
86769,50,2018,0.15
81955,50,2018,0.05
78953,50,2018,0.2
11189,50,2018,0.05
15425,50,2018,0.1
42888,50,2018,0.2
32675,50,2018,0.05
38664,50,2018,0.2
35645,50,2018,0.05
97082,50,2018,0.15
33677,50,2018,0.05
11799,50,2018,0.05
97876,50,2018,0.1
53332,50,2018,0.15
16019,50,2018,0.1
53146,50,2018,0.05
74430,50,2018,0.05
17776,50,2018,0.1
88673,50,2018,0.05
63134,50,2018,0.15
81955,51,2018,0.2
63134,51,2018,0.1
97876,51,2018,0.05
97082,51,2018,0.05
53332,51,2018,0.1
38664,51,2018,0.05
53146,51,2018,0.1
88673,51,2018,0.05
69978,51,2018,0.05
35645,51,2018,0.05
32675,51,2018,0.05
42888,51,2018,0.05
78953,51,2018,0.1
11189,51,2018,0.1
43996,51,2018,0.15
28188,51,2018,0.15
16019,51,2018,0.1
11799,51,2018,0.1
86769,51,2018,0.05
43034,51,2018,0.05
67286,51,2018,0.1
17776,51,2018,0.1
28188,52,2018,0.15
42888,52,2018,0.15
43072,52,2018,0.1
43034,52,2018,0.05
11189,52,2018,0.15
53146,52,2018,0.1
43996,52,2018,0.2
17776,52,2018,0.1
86769,52,2018,0.05
67286,52,2018,0.2
11799,52,2018,0.15
81955,52,2018,0.1
53332,52,2018,0.05
32675,52,2018,0.05
16019,52,2018,0.15
97082,52,2018,0.1
69978,52,2018,0.1
35645,52,2018,0.2
74430,52,2018,0.05
97876,52,2018,0.15
63134,52,2018,0.1
78953,52,2018,0.05
15425,52,2018,0.05
88673,52,2018,0.05
38664,52,2018,0.2
26890,1,2019,0.15
38664,1,2019,0.1
63134,1,2019,0.05
74430,1,2019,0.1
78953,1,2019,0.1
35645,1,2019,0.15
11189,1,2019,0.1
88673,1,2019,0.1
43034,1,2019,0.15
45749,1,2019,0.2
67286,1,2019,0.15
42888,1,2019,0.1
81955,1,2019,0.15
97876,1,2019,0.05
25353,1,2019,0.2
33677,1,2019,0.05
53146,1,2019,0.15
76127,1,2019,0.05
43072,1,2019,0.1
53332,1,2019,0.05
32675,1,2019,0.1
16019,1,2019,0.1
97082,1,2019,0.2
16826,1,2019,0.05
17776,1,2019,0.1
12631,1,2019,0.05
43996,1,2019,0.05
86769,1,2019,0.05
11799,1,2019,0.05
47952,1,2019,0.1
81314,1,2019,0.05
13331,1,2019,0.15
28188,1,2019,0.15
86769,2,2019,0.1
17776,2,2019,0.05
15425,2,2019,0.05
28188,2,2019,0.1
45749,2,2019,0.15
97082,2,2019,0.05
69978,2,2019,0.1
67286,2,2019,0.05
11189,2,2019,0.2
81955,2,2019,0.1
78953,2,2019,0.2
43996,2,2019,0.15
53146,2,2019,0.15
74430,2,2019,0.05
63134,2,2019,0.1
43072,2,2019,0.05
38664,2,2019,0.15
53332,2,2019,0.15
33677,2,2019,0.1
16019,2,2019,0.2
97876,2,2019,0.2
42888,2,2019,0.15
88673,2,2019,0.1
11799,3,2019,0.15
74430,3,2019,0.05
53332,3,2019,0.05
97876,3,2019,0.05
11189,3,2019,0.05
97082,3,2019,0.15
43072,3,2019,0.2
32675,3,2019,0.05
33677,3,2019,0.1
67286,3,2019,0.15
42888,3,2019,0.15
35645,3,2019,0.05
78953,3,2019,0.2
81955,3,2019,0.15
15425,3,2019,0.15
43034,3,2019,0.05
28188,3,2019,0.1
16019,3,2019,0.05
45749,3,2019,0.1
17776,3,2019,0.05
86769,3,2019,0.05
38664,3,2019,0.05
69978,3,2019,0.1
53146,3,2019,0.05
43996,3,2019,0.1
63134,3,2019,0.05
88673,3,2019,0.15
53332,4,2019,0.15
35645,4,2019,0.05
28188,4,2019,0.1
43034,4,2019,0.05
38664,4,2019,0.05
86769,4,2019,0.05
97876,4,2019,0.1
53146,4,2019,0.1
16019,4,2019,0.1
15425,4,2019,0.15
42888,4,2019,0.2
33677,4,2019,0.2
67286,4,2019,0.05
97082,4,2019,0.05
11799,4,2019,0.05
43996,4,2019,0.1
32675,4,2019,0.1
63134,4,2019,0.05
88673,4,2019,0.05
78953,4,2019,0.05
81955,4,2019,0.05
17776,4,2019,0.05
74430,4,2019,0.05
43072,4,2019,0.15
45749,4,2019,0.15
69978,4,2019,0.1
11189,5,2019,0.15
38664,5,2019,0.2
28188,5,2019,0.1
97876,5,2019,0.1
86769,5,2019,0.2
53332,5,2019,0.1
67286,5,2019,0.05
32675,5,2019,0.1
43034,5,2019,0.1
88673,5,2019,0.05
45749,5,2019,0.1
78953,5,2019,0.1
74430,5,2019,0.1
81955,5,2019,0.1
63134,5,2019,0.05
16019,5,2019,0.05
15425,5,2019,0.1
11799,5,2019,0.05
43996,5,2019,0.05
42888,5,2019,0.1
35645,5,2019,0.05
53146,5,2019,0.05
43072,5,2019,0.1
17776,5,2019,0.05
28188,6,2019,0.1
11799,6,2019,0.15
63134,6,2019,0.05
33677,6,2019,0.05
53146,6,2019,0.05
43034,6,2019,0.1
81955,6,2019,0.1
81314,6,2019,0.15
42888,6,2019,0.05
78953,6,2019,0.2
35645,6,2019,0.2
43072,6,2019,0.05
97876,6,2019,0.1
38664,6,2019,0.05
69978,6,2019,0.05
45749,6,2019,0.15
67286,6,2019,0.2
86769,6,2019,0.1
11189,6,2019,0.15
15425,6,2019,0.05
17776,6,2019,0.1
32675,6,2019,0.15
74430,6,2019,0.1
43996,6,2019,0.05
88673,6,2019,0.05
97082,6,2019,0.15
16019,6,2019,0.2
97876,7,2019,0.05
53146,7,2019,0.05
35645,7,2019,0.2
74430,7,2019,0.05
33110,7,2019,0.1
11799,7,2019,0.1
42888,7,2019,0.1
43034,7,2019,0.2
78953,7,2019,0.05
67286,7,2019,0.1
28188,7,2019,0.2
33677,7,2019,0.15
53332,7,2019,0.05
43996,7,2019,0.2
97082,7,2019,0.05
63134,7,2019,0.05
43072,7,2019,0.05
69978,7,2019,0.1
81955,7,2019,0.05
17776,7,2019,0.1
11189,7,2019,0.05
81314,7,2019,0.05
16019,7,2019,0.2
38664,7,2019,0.1
15425,7,2019,0.1
88673,7,2019,0.1
15425,8,2019,0.05
43996,8,2019,0.15
43034,8,2019,0.05
74430,8,2019,0.15
32675,8,2019,0.05
78953,8,2019,0.1
97082,8,2019,0.1
45749,8,2019,0.1
63134,8,2019,0.15
38664,8,2019,0.15
28188,8,2019,0.1
81955,8,2019,0.1
16019,8,2019,0.15
11799,8,2019,0.05
33110,8,2019,0.1
88673,8,2019,0.05
86769,8,2019,0.1
67286,8,2019,0.05
53332,8,2019,0.05
81314,8,2019,0.05
43072,8,2019,0.05
97876,8,2019,0.15
42888,8,2019,0.05
53146,8,2019,0.05
17776,8,2019,0.05
35645,8,2019,0.2
43996,9,2019,0.2
45749,9,2019,0.15
81314,9,2019,0.05
67286,9,2019,0.05
16019,9,2019,0.05
11189,9,2019,0.05
78953,9,2019,0.05
35645,9,2019,0.1
43034,9,2019,0.05
81955,9,2019,0.05
97082,9,2019,0.05
38664,9,2019,0.05
43072,9,2019,0.15
33677,9,2019,0.1
28188,9,2019,0.05
86769,9,2019,0.05
11799,9,2019,0.1
17776,9,2019,0.15
33110,9,2019,0.05
53332,9,2019,0.05
32675,9,2019,0.15
53146,9,2019,0.1
42888,9,2019,0.05
88673,9,2019,0.1
15425,9,2019,0.05
74430,9,2019,0.05
97082,10,2019,0.1
16019,10,2019,0.1
33677,10,2019,0.15
32675,10,2019,0.15
63134,10,2019,0.1
88673,10,2019,0.05
69978,10,2019,0.1
43034,10,2019,0.05
16243,10,2019,0.15
35645,10,2019,0.1
53332,10,2019,0.05
81314,10,2019,0.15
45749,10,2019,0.05
17776,10,2019,0.05
38664,10,2019,0.05
97876,10,2019,0.1
53146,10,2019,0.15
74430,10,2019,0.05
42888,10,2019,0.2
33110,10,2019,0.05
11189,10,2019,0.05
86769,10,2019,0.05
28188,10,2019,0.15
15425,10,2019,0.1
43996,10,2019,0.05
43072,10,2019,0.05
11799,10,2019,0.1
78953,10,2019,0.05
81314,11,2019,0.15
53332,11,2019,0.05
81955,11,2019,0.1
53146,11,2019,0.2
78953,11,2019,0.05
11799,11,2019,0.1
45749,11,2019,0.05
67286,11,2019,0.1
97082,11,2019,0.05
33677,11,2019,0.05
35645,11,2019,0.05
97876,11,2019,0.05
38664,11,2019,0.2
43996,11,2019,0.1
15425,11,2019,0.05
43034,11,2019,0.1
63134,11,2019,0.05
74430,11,2019,0.1
11189,11,2019,0.1
17776,11,2019,0.05
33110,11,2019,0.15
43072,11,2019,0.05
28188,11,2019,0.15
69978,11,2019,0.05
16019,11,2019,0.05
86769,11,2019,0.05
42888,11,2019,0.1
16243,11,2019,0.05
53332,12,2019,0.15
45749,12,2019,0.05
97876,12,2019,0.15
11189,12,2019,0.2
63134,12,2019,0.15
69978,12,2019,0.05
89008,12,2019,0.05
42888,12,2019,0.1
16243,12,2019,0.05
78953,12,2019,0.2
28188,12,2019,0.15
33110,12,2019,0.15
43034,12,2019,0.1
43996,12,2019,0.05
81955,12,2019,0.1
17776,12,2019,0.05
35645,12,2019,0.2
88673,12,2019,0.1
15425,12,2019,0.1
11799,12,2019,0.1
32675,12,2019,0.05
38664,12,2019,0.1
81314,12,2019,0.1
97082,12,2019,0.15
16019,12,2019,0.05
33677,12,2019,0.2
53146,12,2019,0.2
67286,12,2019,0.1
43072,12,2019,0.05
86769,12,2019,0.2
32675,13,2019,0.1
63134,13,2019,0.1
81314,13,2019,0.2
67286,13,2019,0.05
43072,13,2019,0.05
69978,13,2019,0.1
97082,13,2019,0.05
16019,13,2019,0.05
45749,13,2019,0.05
97876,13,2019,0.1
81955,13,2019,0.15
15425,13,2019,0.1
43034,13,2019,0.1
11189,13,2019,0.05
86769,13,2019,0.1
42888,13,2019,0.05
11799,13,2019,0.15
43996,13,2019,0.1
16243,13,2019,0.05
33677,13,2019,0.2
88673,13,2019,0.05
53332,13,2019,0.1
38664,13,2019,0.05
35645,13,2019,0.05
28188,13,2019,0.1
74430,13,2019,0.2
33110,13,2019,0.1
89008,13,2019,0.05
53146,13,2019,0.05
43034,14,2019,0.05
15425,14,2019,0.15
81314,14,2019,0.05
78953,14,2019,0.05
45749,14,2019,0.05
97876,14,2019,0.1
16243,14,2019,0.15
35645,14,2019,0.1
67286,14,2019,0.05
33677,14,2019,0.05
17776,14,2019,0.05
88673,14,2019,0.15
32675,14,2019,0.05
53146,14,2019,0.1
43072,14,2019,0.15
33110,14,2019,0.05
43996,14,2019,0.05
42888,14,2019,0.05
74430,14,2019,0.2
89008,14,2019,0.1
81955,14,2019,0.05
97082,14,2019,0.1
63134,14,2019,0.1
11799,14,2019,0.05
28188,14,2019,0.2
11189,14,2019,0.05
53332,14,2019,0.15
28188,15,2019,0.05
42888,15,2019,0.15
81314,15,2019,0.05
67286,15,2019,0.05
78953,15,2019,0.1
81955,15,2019,0.1
11799,15,2019,0.1
43034,15,2019,0.05
33677,15,2019,0.05
63134,15,2019,0.05
32675,15,2019,0.1
97876,15,2019,0.15
43072,15,2019,0.05
86769,15,2019,0.15
16243,15,2019,0.05
88673,15,2019,0.1
15425,15,2019,0.2
17776,15,2019,0.15
74430,15,2019,0.1
43996,15,2019,0.1
53332,15,2019,0.05
35645,15,2019,0.1
89008,15,2019,0.2
97082,15,2019,0.1
53146,15,2019,0.05
16019,15,2019,0.15
33110,15,2019,0.05
81955,16,2019,0.1
97876,16,2019,0.15
42888,16,2019,0.05
38664,16,2019,0.05
63134,16,2019,0.1
53332,16,2019,0.05
33110,16,2019,0.1
43072,16,2019,0.05
43996,16,2019,0.05
11799,16,2019,0.15
52080,16,2019,0.1
16243,16,2019,0.05
86769,16,2019,0.15
67286,16,2019,0.05
35645,16,2019,0.05
53146,16,2019,0.1
32675,16,2019,0.1
78953,16,2019,0.2
33677,16,2019,0.1
89008,16,2019,0.05
16019,16,2019,0.1
11189,16,2019,0.05
45749,16,2019,0.05
74430,16,2019,0.05
15425,16,2019,0.1
28188,16,2019,0.15
88673,16,2019,0.1
81314,16,2019,0.1
43034,16,2019,0.05
45749,17,2019,0.15
16243,17,2019,0.15
53146,17,2019,0.05
33677,17,2019,0.1
67286,17,2019,0.1
52080,17,2019,0.2
53332,17,2019,0.1
33110,17,2019,0.1
35645,17,2019,0.15
89008,17,2019,0.1
81314,17,2019,0.1
26890,17,2019,0.2
42888,17,2019,0.15
28188,17,2019,0.15
11189,17,2019,0.15
86769,17,2019,0.05
38664,17,2019,0.05
78953,17,2019,0.1
11799,17,2019,0.1
81955,17,2019,0.15
97082,17,2019,0.05
15425,17,2019,0.1
43072,17,2019,0.05
43034,17,2019,0.2
88673,17,2019,0.1
32675,17,2019,0.1
97876,17,2019,0.05
43996,17,2019,0.05
17776,17,2019,0.15
74430,17,2019,0.05
42888,18,2019,0.05
52080,18,2019,0.2
76127,18,2019,0.05
97876,18,2019,0.2
28188,18,2019,0.05
45749,18,2019,0.1
86769,18,2019,0.15
97082,18,2019,0.05
53332,18,2019,0.1
11189,18,2019,0.15
81314,18,2019,0.1
26890,18,2019,0.05
43996,18,2019,0.05
35645,18,2019,0.1
38664,18,2019,0.05
33677,18,2019,0.05
63134,18,2019,0.2
43072,18,2019,0.05
16019,18,2019,0.05
89008,18,2019,0.05
33110,18,2019,0.1
74430,18,2019,0.1
16243,18,2019,0.05
78953,18,2019,0.15
11799,18,2019,0.2
81955,18,2019,0.05
17776,18,2019,0.05
43034,18,2019,0.2
67286,18,2019,0.05
15425,18,2019,0.15
88673,18,2019,0.15
32675,18,2019,0.15
81955,19,2019,0.1
74430,19,2019,0.05
42888,19,2019,0.05
45749,19,2019,0.05
11189,19,2019,0.1
15425,19,2019,0.05
28188,19,2019,0.15
16019,19,2019,0.1
16243,19,2019,0.05
86769,19,2019,0.1
81314,19,2019,0.1
78953,19,2019,0.05
43034,19,2019,0.05
63134,19,2019,0.05
35645,19,2019,0.1
88673,19,2019,0.05
33677,19,2019,0.05
17776,19,2019,0.1
89008,19,2019,0.15
43996,19,2019,0.1
33110,19,2019,0.05
38664,19,2019,0.05
76127,19,2019,0.2
53146,19,2019,0.1
52080,19,2019,0.2
52080,20,2019,0.1
53332,20,2019,0.05
53146,20,2019,0.05
88673,20,2019,0.1
67286,20,2019,0.1
32675,20,2019,0.15
33110,20,2019,0.1
15425,20,2019,0.05
63134,20,2019,0.2
16019,20,2019,0.05
81314,20,2019,0.05
11799,20,2019,0.05
35645,20,2019,0.15
97876,20,2019,0.05
89008,20,2019,0.15
33677,20,2019,0.15
81955,20,2019,0.05
16243,20,2019,0.05
28188,20,2019,0.15
11189,20,2019,0.1
76127,20,2019,0.05
26890,20,2019,0.05
78953,20,2019,0.15
38664,20,2019,0.05
17776,20,2019,0.2
86769,20,2019,0.1
43996,20,2019,0.15
43034,20,2019,0.05
42888,20,2019,0.05
86769,21,2019,0.05
89008,21,2019,0.2
78953,21,2019,0.15
81955,21,2019,0.05
33110,21,2019,0.1
43034,21,2019,0.1
15425,21,2019,0.1
52080,21,2019,0.1
63134,21,2019,0.15
32675,21,2019,0.05
17776,21,2019,0.05
67286,21,2019,0.15
16019,21,2019,0.2
88673,21,2019,0.15
11189,21,2019,0.1
33677,21,2019,0.05
11799,21,2019,0.15
43072,21,2019,0.2
42888,21,2019,0.05
26890,21,2019,0.1
76127,21,2019,0.05
53332,21,2019,0.05
97876,21,2019,0.15
45749,21,2019,0.1
35645,21,2019,0.15
43996,21,2019,0.15
81314,21,2019,0.1
53146,21,2019,0.05
38664,21,2019,0.05
86769,22,2019,0.05
55133,22,2019,0.15
97876,22,2019,0.1
88673,22,2019,0.2
89008,22,2019,0.15
11799,22,2019,0.15
63134,22,2019,0.1
33110,22,2019,0.05
15425,22,2019,0.1
43072,22,2019,0.1
53332,22,2019,0.2
52080,22,2019,0.15
97082,22,2019,0.1
81955,22,2019,0.1
35645,22,2019,0.05
76127,22,2019,0.05
81314,22,2019,0.05
17776,22,2019,0.1
16019,22,2019,0.05
43034,22,2019,0.05
26890,22,2019,0.15
43996,22,2019,0.2
28188,22,2019,0.1
38664,22,2019,0.05
78953,22,2019,0.05
11189,22,2019,0.1
45749,22,2019,0.05
67286,22,2019,0.15
53146,22,2019,0.1
32675,22,2019,0.05
11189,23,2019,0.05
28188,23,2019,0.1
76127,23,2019,0.15
43996,23,2019,0.1
26890,23,2019,0.1
89008,23,2019,0.05
16019,23,2019,0.15
97876,23,2019,0.05
53146,23,2019,0.15
63134,23,2019,0.15
45749,23,2019,0.05
33277,23,2019,0.1
15425,23,2019,0.1
55133,23,2019,0.1
81314,23,2019,0.1
81955,23,2019,0.15
32675,23,2019,0.1
53332,23,2019,0.15
33110,23,2019,0.15
67286,23,2019,0.05
43072,23,2019,0.1
86769,23,2019,0.05
97082,23,2019,0.05
43034,23,2019,0.05
88673,23,2019,0.05
42888,23,2019,0.05
53332,24,2019,0.05
11799,24,2019,0.05
67286,24,2019,0.1
38664,24,2019,0.15
45749,24,2019,0.1
17776,24,2019,0.05
33677,24,2019,0.15
78953,24,2019,0.2
86769,24,2019,0.05
33277,24,2019,0.1
26890,24,2019,0.05
32675,24,2019,0.1
53146,24,2019,0.05
81955,24,2019,0.05
43996,24,2019,0.1
16019,24,2019,0.15
88673,24,2019,0.05
81314,24,2019,0.15
97082,24,2019,0.1
63134,24,2019,0.1
76127,24,2019,0.1
26677,24,2019,0.05
97876,24,2019,0.15
42888,24,2019,0.05
33110,24,2019,0.15
52080,24,2019,0.2
43072,24,2019,0.1
11189,24,2019,0.1
15425,24,2019,0.1
33110,25,2019,0.05
45749,25,2019,0.05
32675,25,2019,0.05
76127,25,2019,0.15
88673,25,2019,0.1
81955,25,2019,0.15
53332,25,2019,0.05
17776,25,2019,0.1
63134,25,2019,0.05
11799,25,2019,0.05
78953,25,2019,0.05
43996,25,2019,0.1
26677,25,2019,0.2
35645,25,2019,0.2
15425,25,2019,0.05
26890,25,2019,0.1
43034,25,2019,0.1
38664,25,2019,0.05
43072,25,2019,0.15
42888,25,2019,0.05
67286,25,2019,0.15
97876,25,2019,0.2
52080,25,2019,0.05
89008,25,2019,0.1
33277,25,2019,0.05
53146,25,2019,0.05
97082,25,2019,0.1
86769,25,2019,0.05
28188,25,2019,0.05
55133,25,2019,0.1
33677,25,2019,0.05
11189,25,2019,0.15
81314,25,2019,0.05
53325,25,2019,0.2
16019,26,2019,0.05
11189,26,2019,0.05
45749,26,2019,0.15
53332,26,2019,0.05
43996,26,2019,0.1
28188,26,2019,0.1
52080,26,2019,0.05
33277,26,2019,0.15
33677,26,2019,0.05
53325,26,2019,0.05
97082,26,2019,0.1
17776,26,2019,0.05
11799,26,2019,0.05
42888,26,2019,0.15
81314,26,2019,0.05
43072,26,2019,0.05
89008,26,2019,0.05
12631,26,2019,0.05
88673,26,2019,0.05
43034,26,2019,0.05
78953,26,2019,0.1
76127,26,2019,0.1
97876,26,2019,0.05
63134,26,2019,0.05
33110,26,2019,0.1
86769,26,2019,0.1
22993,26,2019,0.1
32675,26,2019,0.1
55133,26,2019,0.1
67286,26,2019,0.1
26890,26,2019,0.15
35645,26,2019,0.05
81314,27,2019,0.05
11189,27,2019,0.05
42888,27,2019,0.15
32675,27,2019,0.05
16019,27,2019,0.2
63134,27,2019,0.15
35645,27,2019,0.15
53146,27,2019,0.15
22993,27,2019,0.05
81955,27,2019,0.1
52080,27,2019,0.2
97876,27,2019,0.1
28188,27,2019,0.05
43996,27,2019,0.05
43034,27,2019,0.2
76127,27,2019,0.05
97082,27,2019,0.05
55133,27,2019,0.1
67286,27,2019,0.1
15425,27,2019,0.05
86769,27,2019,0.1
78953,27,2019,0.05
45749,27,2019,0.05
26890,27,2019,0.2
38664,27,2019,0.15
53325,27,2019,0.1
88673,27,2019,0.05
26677,27,2019,0.1
12631,27,2019,0.05
33677,27,2019,0.15
53332,27,2019,0.05
43072,27,2019,0.15
17776,27,2019,0.05
33110,27,2019,0.1
33277,27,2019,0.05
11799,27,2019,0.05
55133,28,2019,0.1
52080,28,2019,0.1
53332,28,2019,0.15
32675,28,2019,0.1
63134,28,2019,0.05
53146,28,2019,0.05
33677,28,2019,0.1
76127,28,2019,0.15
16019,28,2019,0.1
43996,28,2019,0.15
42888,28,2019,0.05
33277,28,2019,0.1
35645,28,2019,0.1
89008,28,2019,0.2
17776,28,2019,0.05
88673,28,2019,0.1
22993,28,2019,0.05
81955,28,2019,0.05
97876,28,2019,0.05
45749,28,2019,0.05
43072,28,2019,0.15
26677,28,2019,0.05
43034,28,2019,0.15
11189,28,2019,0.05
73047,28,2019,0.05
33110,28,2019,0.05
67286,28,2019,0.15
86769,28,2019,0.1
26890,28,2019,0.05
12631,28,2019,0.1
81314,28,2019,0.05
53325,28,2019,0.1
78953,28,2019,0.1
97082,28,2019,0.2
15425,28,2019,0.1
11799,28,2019,0.15
38664,28,2019,0.2
81955,29,2019,0.1
53325,29,2019,0.1
22993,29,2019,0.05
45749,29,2019,0.05
33677,29,2019,0.1
81314,29,2019,0.05
42888,29,2019,0.1
15425,29,2019,0.05
86769,29,2019,0.05
38664,29,2019,0.05
55133,29,2019,0.05
28188,29,2019,0.1
78953,29,2019,0.1
26890,29,2019,0.1
53146,29,2019,0.05
33110,29,2019,0.05
76127,29,2019,0.05
26677,29,2019,0.05
11799,29,2019,0.2
67286,29,2019,0.05
97876,29,2019,0.15
11189,29,2019,0.05
43034,29,2019,0.1
16019,29,2019,0.05
43996,29,2019,0.05
32675,29,2019,0.1
97082,29,2019,0.05
73047,29,2019,0.15
52080,29,2019,0.1
43072,29,2019,0.05
88673,29,2019,0.15
12631,29,2019,0.15
53332,29,2019,0.2
89008,29,2019,0.1
35645,29,2019,0.1
81314,30,2019,0.2
45749,30,2019,0.05
22993,30,2019,0.2
55133,30,2019,0.1
38664,30,2019,0.1
53332,30,2019,0.05
53325,30,2019,0.1
89008,30,2019,0.05
81955,30,2019,0.05
76127,30,2019,0.15
26677,30,2019,0.15
73047,30,2019,0.05
33677,30,2019,0.15
97876,30,2019,0.1
52080,30,2019,0.1
11799,30,2019,0.05
43996,30,2019,0.1
33110,30,2019,0.1
33277,30,2019,0.15
16826,30,2019,0.05
86769,30,2019,0.2
35645,30,2019,0.2
67286,30,2019,0.15
43034,30,2019,0.15
16019,30,2019,0.15
36167,30,2019,0.1
53146,30,2019,0.2
26890,30,2019,0.1
43072,30,2019,0.05
63134,30,2019,0.15
15425,30,2019,0.1
32675,30,2019,0.15
42888,30,2019,0.05
11189,30,2019,0.1
97082,30,2019,0.05
78953,30,2019,0.05
63134,31,2019,0.05
42888,31,2019,0.05
15425,31,2019,0.05
53325,31,2019,0.05
16826,31,2019,0.05
73047,31,2019,0.1
86769,31,2019,0.05
33677,31,2019,0.1
43072,31,2019,0.05
81314,31,2019,0.15
32675,31,2019,0.2
25353,31,2019,0.1
38664,31,2019,0.05
81955,31,2019,0.05
11799,31,2019,0.05
43034,31,2019,0.1
33110,31,2019,0.05
26677,31,2019,0.05
36167,31,2019,0.05
76127,31,2019,0.05
35645,31,2019,0.2
52080,31,2019,0.1
45749,31,2019,0.1
16019,31,2019,0.15
11189,31,2019,0.15
22993,31,2019,0.05
43996,31,2019,0.05
97082,31,2019,0.05
33277,31,2019,0.05
12631,31,2019,0.05
26890,31,2019,0.15
89008,31,2019,0.05
55133,31,2019,0.1
53146,31,2019,0.15
67286,31,2019,0.05
53332,31,2019,0.2
43072,32,2019,0.2
36167,32,2019,0.1
12631,32,2019,0.1
33277,32,2019,0.05
55133,32,2019,0.15
76127,32,2019,0.1
43996,32,2019,0.1
63134,32,2019,0.1
15425,32,2019,0.15
32675,32,2019,0.1
86769,32,2019,0.15
35645,32,2019,0.05
38664,32,2019,0.15
73047,32,2019,0.1
53325,32,2019,0.1
11799,32,2019,0.1
16019,32,2019,0.05
52080,32,2019,0.05
17776,32,2019,0.15
89008,32,2019,0.05
97876,32,2019,0.05
81314,32,2019,0.2
25353,32,2019,0.05
33110,32,2019,0.15
45749,32,2019,0.05
42888,32,2019,0.15
26890,32,2019,0.2
67286,32,2019,0.1
53332,32,2019,0.2
16826,32,2019,0.05
26677,32,2019,0.1
53146,32,2019,0.05
11189,32,2019,0.1
33677,32,2019,0.05
22993,32,2019,0.1
78953,32,2019,0.05
97082,32,2019,0.05
53325,33,2019,0.1
11189,33,2019,0.05
32675,33,2019,0.05
12631,33,2019,0.15
35645,33,2019,0.05
78953,33,2019,0.05
43034,33,2019,0.05
16019,33,2019,0.05
45749,33,2019,0.05
22993,33,2019,0.2
26677,33,2019,0.05
43072,33,2019,0.05
53332,33,2019,0.05
76127,33,2019,0.15
53146,33,2019,0.1
67286,33,2019,0.1
17776,33,2019,0.05
33110,33,2019,0.05
81955,33,2019,0.2
33277,33,2019,0.2
86769,33,2019,0.05
89008,33,2019,0.15
88673,33,2019,0.05
15425,33,2019,0.05
55133,33,2019,0.1
16826,33,2019,0.1
52080,33,2019,0.1
97082,33,2019,0.2
26890,33,2019,0.05
81314,33,2019,0.1
43996,33,2019,0.1
36167,33,2019,0.05
42888,33,2019,0.1
33677,33,2019,0.05
97876,33,2019,0.05
63134,33,2019,0.05
73047,33,2019,0.05
11799,33,2019,0.1
16019,34,2019,0.2
11799,34,2019,0.1
53332,34,2019,0.15
33677,34,2019,0.15
97082,34,2019,0.05
22993,34,2019,0.05
38664,34,2019,0.15
33110,34,2019,0.15
26890,34,2019,0.05
97876,34,2019,0.05
11189,34,2019,0.1
36167,34,2019,0.05
88673,34,2019,0.1
60934,34,2019,0.1
67286,34,2019,0.15
15425,34,2019,0.15
42888,34,2019,0.1
35645,34,2019,0.15
63638,34,2019,0.05
89008,34,2019,0.1
17776,34,2019,0.05
53325,34,2019,0.1
25353,34,2019,0.1
16826,34,2019,0.2
73047,34,2019,0.15
26677,34,2019,0.05
78953,34,2019,0.05
53146,34,2019,0.15
47952,34,2019,0.05
63134,34,2019,0.05
81955,34,2019,0.05
81314,34,2019,0.05
33277,34,2019,0.2
43072,34,2019,0.05
12631,34,2019,0.2
86769,34,2019,0.1
55133,34,2019,0.05
43034,34,2019,0.2
52080,34,2019,0.1
76127,34,2019,0.05
43996,34,2019,0.05
45749,35,2019,0.05
42888,35,2019,0.1
52080,35,2019,0.05
53146,35,2019,0.15
32675,35,2019,0.1
33277,35,2019,0.15
15425,35,2019,0.05
97876,35,2019,0.05
89008,35,2019,0.05
36167,35,2019,0.05
16019,35,2019,0.05
35645,35,2019,0.1
12631,35,2019,0.05
67286,35,2019,0.05
22993,35,2019,0.05
38664,35,2019,0.05
43034,35,2019,0.05
73047,35,2019,0.1
47952,35,2019,0.1
63134,35,2019,0.1
53325,35,2019,0.05
86769,35,2019,0.15
26677,35,2019,0.1
11189,35,2019,0.1
53332,35,2019,0.05
81955,35,2019,0.05
88673,35,2019,0.15
78953,35,2019,0.05
11799,35,2019,0.05
17776,35,2019,0.1
60934,35,2019,0.2
26890,35,2019,0.1
81314,35,2019,0.1
43072,35,2019,0.15
16826,35,2019,0.05
55133,35,2019,0.15
76127,35,2019,0.05
97082,35,2019,0.05
33677,35,2019,0.05
43996,35,2019,0.05
25353,35,2019,0.05
38664,36,2019,0.1
26890,36,2019,0.1
78953,36,2019,0.1
53325,36,2019,0.15
42888,36,2019,0.05
73047,36,2019,0.1
33110,36,2019,0.1
43996,36,2019,0.1
25353,36,2019,0.2
97876,36,2019,0.1
45749,36,2019,0.1
52080,36,2019,0.2
67286,36,2019,0.05
60934,36,2019,0.1
12631,36,2019,0.05
32675,36,2019,0.2
22993,36,2019,0.05
16826,36,2019,0.05
89008,36,2019,0.15
26677,36,2019,0.15
33277,36,2019,0.1
63134,36,2019,0.05
11799,36,2019,0.1
76127,36,2019,0.2
53146,36,2019,0.1
97082,36,2019,0.15
86769,36,2019,0.05
15425,36,2019,0.1
36167,36,2019,0.2
43072,36,2019,0.1
81314,36,2019,0.15
17776,36,2019,0.15
11189,36,2019,0.05
47952,36,2019,0.15
63638,36,2019,0.1
55133,36,2019,0.05
88673,36,2019,0.05
36167,37,2019,0.15
76127,37,2019,0.15
16826,37,2019,0.1
88673,37,2019,0.05
67286,37,2019,0.05
47952,37,2019,0.2
33677,37,2019,0.05
11799,37,2019,0.1
63134,37,2019,0.15
55133,37,2019,0.2
15425,37,2019,0.1
45749,37,2019,0.05
97876,37,2019,0.05
73047,37,2019,0.1
63638,37,2019,0.05
33277,37,2019,0.05
52080,37,2019,0.15
12631,37,2019,0.1
11189,37,2019,0.1
78953,37,2019,0.15
43072,37,2019,0.05
33110,37,2019,0.2
60934,37,2019,0.15
17776,37,2019,0.05
53332,37,2019,0.2
26890,37,2019,0.05
25353,37,2019,0.05
81314,37,2019,0.1
26677,37,2019,0.1
16019,37,2019,0.05
38664,37,2019,0.05
97082,37,2019,0.1
32675,37,2019,0.15
22993,37,2019,0.1
42888,37,2019,0.05
53146,37,2019,0.2
35645,37,2019,0.05
97082,38,2019,0.15
26890,38,2019,0.1
97876,38,2019,0.05
35645,38,2019,0.05
88673,38,2019,0.1
43996,38,2019,0.1
22993,38,2019,0.05
33277,38,2019,0.15
76127,38,2019,0.15
78953,38,2019,0.15
81314,38,2019,0.05
16826,38,2019,0.15
67286,38,2019,0.15
45749,38,2019,0.15
73047,38,2019,0.05
26677,38,2019,0.05
16019,38,2019,0.15
15425,38,2019,0.15
60934,38,2019,0.05
42888,38,2019,0.1
86769,38,2019,0.1
55133,38,2019,0.1
36167,38,2019,0.05
11189,38,2019,0.1
63638,38,2019,0.15
17776,38,2019,0.2
47952,38,2019,0.1
11799,38,2019,0.1
12631,38,2019,0.1
81955,38,2019,0.1
38664,38,2019,0.05
63134,38,2019,0.05
53332,38,2019,0.1
33677,38,2019,0.1
33110,38,2019,0.1
81955,39,2019,0.1
67286,39,2019,0.05
16019,39,2019,0.1
38664,39,2019,0.1
26677,39,2019,0.05
53332,39,2019,0.1
97082,39,2019,0.15
16826,39,2019,0.15
36167,39,2019,0.1
45749,39,2019,0.15
86769,39,2019,0.1
33677,39,2019,0.05
73047,39,2019,0.05
88673,39,2019,0.15
55133,39,2019,0.1
53325,39,2019,0.1
12631,39,2019,0.05
33110,39,2019,0.1
60934,39,2019,0.2
42888,39,2019,0.05
35645,39,2019,0.05
25353,39,2019,0.2
43996,39,2019,0.05
26890,39,2019,0.1
22993,39,2019,0.1
81314,39,2019,0.1
15425,39,2019,0.05
47952,39,2019,0.05
11799,39,2019,0.15
78953,39,2019,0.05
17776,39,2019,0.05
63134,39,2019,0.05
63638,39,2019,0.05
53146,39,2019,0.05
33277,39,2019,0.1
76127,39,2019,0.15
11189,39,2019,0.1
97876,39,2019,0.1
88673,40,2019,0.15
47952,40,2019,0.05
33677,40,2019,0.05
26890,40,2019,0.1
15425,40,2019,0.05
76127,40,2019,0.1
36167,40,2019,0.1
33277,40,2019,0.05
86769,40,2019,0.05
53146,40,2019,0.05
67286,40,2019,0.15
17776,40,2019,0.05
63638,40,2019,0.15
55133,40,2019,0.15
97082,40,2019,0.2
25353,40,2019,0.05
81314,40,2019,0.05
45749,40,2019,0.2
75661,40,2019,0.05
81955,40,2019,0.05
73047,40,2019,0.05
38664,40,2019,0.2
78953,40,2019,0.1
11189,40,2019,0.15
32675,40,2019,0.05
12631,40,2019,0.05
97876,40,2019,0.2
22993,40,2019,0.15
43072,40,2019,0.05
26677,40,2019,0.1
53325,40,2019,0.15
16826,40,2019,0.1
53332,40,2019,0.05
63134,40,2019,0.15
60934,40,2019,0.15
11799,40,2019,0.15
36167,41,2019,0.1
97082,41,2019,0.2
76127,41,2019,0.1
53325,41,2019,0.05
43072,41,2019,0.2
33677,41,2019,0.1
47952,41,2019,0.05
32675,41,2019,0.15
38664,41,2019,0.05
11799,41,2019,0.2
78953,41,2019,0.05
25353,41,2019,0.15
81314,41,2019,0.1
75661,41,2019,0.15
15425,41,2019,0.05
33277,41,2019,0.15
26677,41,2019,0.05
55133,41,2019,0.05
45749,41,2019,0.1
63638,41,2019,0.1
35645,41,2019,0.05
63134,41,2019,0.05
88673,41,2019,0.05
42888,41,2019,0.1
86769,41,2019,0.2
67286,41,2019,0.1
17776,41,2019,0.15
16826,41,2019,0.15
81955,41,2019,0.1
73047,41,2019,0.05
53146,41,2019,0.1
60934,41,2019,0.2
73037,42,2019,0.1
43072,42,2019,0.1
33110,42,2019,0.2
78953,42,2019,0.1
81314,42,2019,0.05
26677,42,2019,0.2
97082,42,2019,0.2
76127,42,2019,0.05
38664,42,2019,0.1
17776,42,2019,0.05
26890,42,2019,0.15
45749,42,2019,0.05
42888,42,2019,0.05
81955,42,2019,0.15
22993,42,2019,0.1
60934,42,2019,0.1
43996,42,2019,0.05
75661,42,2019,0.05
49957,42,2019,0.1
11799,42,2019,0.05
55133,42,2019,0.05
86769,42,2019,0.05
47952,42,2019,0.05
73047,42,2019,0.1
63638,42,2019,0.05
15425,42,2019,0.05
88673,42,2019,0.05
33677,42,2019,0.1
11189,42,2019,0.05
53325,42,2019,0.15
35645,42,2019,0.2
36167,42,2019,0.05
63134,42,2019,0.05
53146,42,2019,0.1
25353,42,2019,0.05
33277,43,2019,0.15
60934,43,2019,0.05
11189,43,2019,0.1
12631,43,2019,0.15
16826,43,2019,0.05
76127,43,2019,0.15
47952,43,2019,0.2
97082,43,2019,0.1
36167,43,2019,0.05
17776,43,2019,0.05
45749,43,2019,0.05
78953,43,2019,0.1
81955,43,2019,0.05
26890,43,2019,0.05
13331,43,2019,0.05
33110,43,2019,0.05
73047,43,2019,0.05
55133,43,2019,0.05
22993,43,2019,0.05
53325,43,2019,0.05
25353,43,2019,0.05
26677,43,2019,0.05
16019,43,2019,0.15
75661,43,2019,0.05
81314,43,2019,0.15
63638,43,2019,0.15
43072,43,2019,0.2
11799,43,2019,0.1
35645,43,2019,0.05
88673,43,2019,0.05
43996,43,2019,0.15
63134,43,2019,0.05
33677,43,2019,0.2
67286,43,2019,0.1
38664,43,2019,0.15
49957,43,2019,0.15
32675,43,2019,0.05
15425,43,2019,0.1
97876,43,2019,0.1
33277,44,2019,0.1
86769,44,2019,0.1
55133,44,2019,0.15
81955,44,2019,0.15
17776,44,2019,0.05
63638,44,2019,0.05
53146,44,2019,0.15
47952,44,2019,0.05
16826,44,2019,0.1
11799,44,2019,0.05
13331,44,2019,0.05
73037,44,2019,0.1
22993,44,2019,0.15
16019,44,2019,0.05
88673,44,2019,0.05
97876,44,2019,0.05
42888,44,2019,0.15
33110,44,2019,0.05
12631,44,2019,0.05
38664,44,2019,0.1
43072,44,2019,0.15
67286,44,2019,0.05
75661,44,2019,0.1
43996,44,2019,0.1
45749,44,2019,0.05
73047,44,2019,0.05
76127,44,2019,0.15
26677,44,2019,0.05
25353,44,2019,0.2
35645,44,2019,0.05
53325,44,2019,0.1
26890,44,2019,0.2
33677,44,2019,0.1
36167,44,2019,0.05
78953,44,2019,0.05
97082,44,2019,0.05
11189,44,2019,0.05
60934,44,2019,0.2
81314,44,2019,0.15
73037,45,2019,0.1
88673,45,2019,0.2
55133,45,2019,0.05
45749,45,2019,0.15
22993,45,2019,0.05
43996,45,2019,0.15
33677,45,2019,0.1
12631,45,2019,0.1
11799,45,2019,0.1
25353,45,2019,0.05
97082,45,2019,0.15
38664,45,2019,0.05
97876,45,2019,0.15
17776,45,2019,0.05
53146,45,2019,0.05
81955,45,2019,0.05
13331,45,2019,0.05
36167,45,2019,0.1
16826,45,2019,0.15
35645,45,2019,0.1
49957,45,2019,0.15
86769,45,2019,0.05
75661,45,2019,0.05
73047,45,2019,0.05
32675,45,2019,0.15
76127,45,2019,0.2
81314,45,2019,0.05
63638,45,2019,0.1
42888,45,2019,0.1
67286,45,2019,0.05
11189,45,2019,0.1
26677,45,2019,0.1
43072,45,2019,0.05
53325,45,2019,0.15
60934,45,2019,0.05
26890,45,2019,0.1
15425,45,2019,0.1
16019,45,2019,0.1
45749,46,2019,0.1
81955,46,2019,0.05
47952,46,2019,0.1
38664,46,2019,0.1
16826,46,2019,0.1
75661,46,2019,0.05
33110,46,2019,0.1
55133,46,2019,0.1
97082,46,2019,0.05
17776,46,2019,0.05
81314,46,2019,0.2
78953,46,2019,0.05
63134,46,2019,0.1
86769,46,2019,0.05
33277,46,2019,0.2
16019,46,2019,0.15
13331,46,2019,0.15
11799,46,2019,0.15
15425,46,2019,0.1
60934,46,2019,0.2
73037,46,2019,0.05
73047,46,2019,0.1
36167,46,2019,0.1
63638,46,2019,0.15
43996,46,2019,0.15
26677,46,2019,0.1
11189,46,2019,0.2
97876,46,2019,0.15
22993,46,2019,0.05
32675,46,2019,0.05
12631,46,2019,0.1
33677,46,2019,0.1
53146,46,2019,0.05
53325,46,2019,0.05
25353,46,2019,0.1
88673,46,2019,0.15
42888,46,2019,0.1
43072,46,2019,0.05
67286,46,2019,0.15
49957,46,2019,0.2
35645,46,2019,0.15
81314,47,2019,0.05
12631,47,2019,0.05
60934,47,2019,0.1
35645,47,2019,0.1
88673,47,2019,0.05
33277,47,2019,0.1
67286,47,2019,0.05
49957,47,2019,0.05
43996,47,2019,0.15
63638,47,2019,0.05
75661,47,2019,0.1
32675,47,2019,0.05
47952,47,2019,0.1
33110,47,2019,0.1
25353,47,2019,0.05
81955,47,2019,0.15
45749,47,2019,0.05
33677,47,2019,0.1
26890,47,2019,0.1
17776,47,2019,0.15
55133,47,2019,0.05
53146,47,2019,0.1
76127,47,2019,0.05
73037,47,2019,0.05
97876,47,2019,0.05
97082,47,2019,0.1
36167,47,2019,0.1
11189,47,2019,0.05
22993,47,2019,0.2
78953,47,2019,0.1
53325,47,2019,0.15
73047,47,2019,0.05
42888,47,2019,0.15
26677,47,2019,0.15
11799,47,2019,0.1
16019,47,2019,0.2
86769,47,2019,0.05
38664,47,2019,0.15
43072,47,2019,0.05
97082,48,2019,0.05
26677,48,2019,0.15
49957,48,2019,0.05
33677,48,2019,0.05
36167,48,2019,0.15
32675,48,2019,0.05
81314,48,2019,0.15
45749,48,2019,0.1
97876,48,2019,0.05
47952,48,2019,0.15
25353,48,2019,0.05
81955,48,2019,0.2
78953,48,2019,0.05
60934,48,2019,0.1
12631,48,2019,0.05
43072,48,2019,0.1
73047,48,2019,0.05
43996,48,2019,0.15
88673,48,2019,0.1
13331,48,2019,0.05
53325,48,2019,0.05
73037,48,2019,0.2
53146,48,2019,0.1
11799,48,2019,0.05
42888,48,2019,0.2
55133,48,2019,0.05
11189,48,2019,0.05
17776,48,2019,0.2
26890,48,2019,0.15
35645,48,2019,0.05
38664,48,2019,0.2
67286,48,2019,0.05
16826,48,2019,0.1
33277,48,2019,0.1
16019,48,2019,0.15
86769,48,2019,0.15
22993,48,2019,0.05
15425,48,2019,0.1
63134,48,2019,0.2
63638,48,2019,0.05
75661,48,2019,0.1
33110,48,2019,0.2
73047,49,2019,0.05
63134,49,2019,0.05
81314,49,2019,0.05
60934,49,2019,0.15
35645,49,2019,0.2
17776,49,2019,0.1
26890,49,2019,0.15
38664,49,2019,0.1
47952,49,2019,0.05
11799,49,2019,0.05
33277,49,2019,0.15
73037,49,2019,0.1
88673,49,2019,0.05
16019,49,2019,0.05
53146,49,2019,0.05
42888,49,2019,0.15
22993,49,2019,0.2
33110,49,2019,0.1
81955,49,2019,0.05
55133,49,2019,0.05
43072,49,2019,0.05
97876,49,2019,0.1
32675,49,2019,0.1
43996,49,2019,0.1
13331,49,2019,0.15
25353,49,2019,0.05
12631,49,2019,0.05
15425,49,2019,0.15
11189,49,2019,0.05
86769,49,2019,0.05
78953,49,2019,0.1
33677,49,2019,0.05
63638,49,2019,0.2
97082,49,2019,0.05
45749,49,2019,0.2
75661,49,2019,0.05
16826,49,2019,0.05
53325,49,2019,0.05
76127,49,2019,0.2
63134,50,2019,0.15
78953,50,2019,0.15
60934,50,2019,0.05
36167,50,2019,0.05
53325,50,2019,0.05
25353,50,2019,0.05
11189,50,2019,0.2
81314,50,2019,0.1
33677,50,2019,0.05
45749,50,2019,0.15
26890,50,2019,0.1
47952,50,2019,0.15
35645,50,2019,0.15
81955,50,2019,0.2
73037,50,2019,0.05
15425,50,2019,0.15
38664,50,2019,0.05
32675,50,2019,0.05
63638,50,2019,0.05
88673,50,2019,0.05
33277,50,2019,0.05
12631,50,2019,0.2
43996,50,2019,0.15
16826,50,2019,0.1
22993,50,2019,0.1
33110,50,2019,0.1
16019,50,2019,0.1
75661,50,2019,0.1
11799,50,2019,0.05
43072,50,2019,0.15
26677,50,2019,0.1
86769,50,2019,0.2
55133,50,2019,0.05
13331,50,2019,0.05
97876,50,2019,0.05
17776,50,2019,0.15
76127,50,2019,0.15
42888,51,2019,0.05
16019,51,2019,0.15
35645,51,2019,0.05
17776,51,2019,0.05
36167,51,2019,0.1
43996,51,2019,0.2
53325,51,2019,0.05
15425,51,2019,0.05
73047,51,2019,0.2
73037,51,2019,0.1
32675,51,2019,0.05
33677,51,2019,0.1
88673,51,2019,0.1
47952,51,2019,0.05
25353,51,2019,0.15
76127,51,2019,0.05
75661,51,2019,0.2
13331,51,2019,0.2
49957,51,2019,0.1
63638,51,2019,0.05
53146,51,2019,0.05
86769,51,2019,0.05
22993,51,2019,0.15
63134,51,2019,0.05
60934,51,2019,0.05
97082,51,2019,0.1
43072,51,2019,0.15
45749,51,2019,0.1
38664,51,2019,0.05
11799,51,2019,0.05
12631,51,2019,0.1
16826,51,2019,0.1
97876,51,2019,0.05
11189,51,2019,0.1
55133,51,2019,0.05
81955,51,2019,0.05
81314,51,2019,0.15
78953,51,2019,0.15
26890,51,2019,0.05
42888,52,2019,0.05
36167,52,2019,0.15
33277,52,2019,0.05
13331,52,2019,0.05
43072,52,2019,0.1
16826,52,2019,0.05
97876,52,2019,0.15
53146,52,2019,0.05
76127,52,2019,0.05
60934,52,2019,0.1
16019,52,2019,0.05
63638,52,2019,0.05
81955,52,2019,0.2
33110,52,2019,0.15
15425,52,2019,0.2
25353,52,2019,0.2
88673,52,2019,0.05
11799,52,2019,0.05
53325,52,2019,0.05
32675,52,2019,0.05
78953,52,2019,0.1
17776,52,2019,0.2
26677,52,2019,0.05
73037,52,2019,0.15
97082,52,2019,0.05
45749,52,2019,0.1
11189,52,2019,0.15
55133,52,2019,0.05
73047,52,2019,0.1
26890,52,2019,0.15
12631,52,2019,0.1
43996,52,2019,0.05
22993,52,2019,0.15
63134,52,2019,0.1
33677,52,2019,0.15
86769,52,2019,0.05
35645,52,2019,0.15
81314,52,2019,0.05
75661,52,2019,0.05
38664,52,2019,0.05
47952,52,2019,0.1
