sku_id,fincode,ui1_code,ui2_code,ui3_code,vendor,brand_code,creation_date,expiration_date
16663,Z8,Z81,Z8100,Z810000,FI3ASO,THSTSG81,2018-06-26,2019-04-21 00:00:00
91775,Q5,Q51,Q5100,Q510008,4O4WSH,WKXRWTP7,2019-07-07,2200-01-01 00:00:00
24641,ZR,ZR1,ZR100,ZR10000,71SM2O,J8XKU94W,2019-05-22,2200-01-01 00:00:00
84184,UA,UA1,UA102,UA10205,FI3ASO,5IEJMU4O,2018-04-19,2019-06-19 00:00:00
21070,XG,XG1,XG100,XG10000,4O4WSH,4WL34OA2,2019-06-27,2200-01-01 00:00:00
40945,ZX,ZX1,ZX100,ZX10000,SJP384,8FYENEWM,2018-01-15,2200-01-01 00:00:00
61628,GV,GV1,GV100,GV10000,T9BUA7,5IEJMU4O,2018-05-28,2200-01-01 00:00:00
21147,SI,SI1,SI100,SI10000,CHQKSO,8FYENEWM,2018-05-19,2200-01-01 00:00:00
17657,ZR,ZR1,ZR100,ZR10004,SJP384,8TMVJREA,2018-04-21,2200-01-01 00:00:00
49495,RI,RI1,RI100,RI10000,H2OK0Z,5XUYK688,2018-06-20,2200-01-01 00:00:00
84709,Z8,Z81,Z8100,Z810008,VWHZMG,M2LFH9WE,2018-04-09,2200-01-01 00:00:00
38152,ZX,ZX1,ZX102,ZX10200,H2OK0Z,4LU3GS87,2019-02-12,2200-01-01 00:00:00
58405,YT,YT1,YT102,YT10200,CHQKSO,J8XKU94W,2019-01-16,2200-01-01 00:00:00
73444,Q5,Q51,Q5100,Q510000,3GFIMK,Z7FUX49S,2018-12-30,2200-01-01 00:00:00
40396,15,151,15100,1510000,BLW9FG,4LU3GS87,2018-09-13,2200-01-01 00:00:00
12007,H7,H71,H7100,H710000,4HJSP5,WKXRWTP7,2018-03-16,2200-01-01 00:00:00
16390,EH,EH1,EH102,EH10201,LDLJFP,28V0149U,2018-10-10,2200-01-01 00:00:00
85535,Q5,Q51,Q5100,Q510008,TJYT3A,WKXRWTP7,2018-06-28,2019-08-02 00:00:00
21041,YT,YT1,YT100,YT10000,AO59EQ,THSTSG81,2018-04-16,2200-01-01 00:00:00
86580,MB,MB1,MB100,MB10000,VZ44WY,H01VAI1S,2019-07-29,2200-01-01 00:00:00
31002,BJ,BJ1,BJ100,BJ10002,BLW9FG,9XGMSC3X,2019-01-22,2200-01-01 00:00:00
37310,B0,B01,B0100,B010000,CHQKSO,4P277OU8,2019-05-03,2200-01-01 00:00:00
74914,XG,XG1,XG102,XG10207,UH2WWF,9J3MMTSQ,2018-08-19,2200-01-01 00:00:00
58127,B0,B01,B0101,B010100,GVL335,2XSAI69H,2018-02-28,2200-01-01 00:00:00
82649,GY,GY1,GY100,GY10008,71SM2O,XF98E5PI,2018-04-12,2200-01-01 00:00:00
58555,15,151,15100,1510004,TJYT3A,YTE7JS4H,2018-03-03,2018-04-07 00:00:00
52015,4W,4W1,4W100,4W10000,SHL570,O0Q22TYD,2019-07-24,2200-01-01 00:00:00
34878,LT,LT1,LT100,LT10000,AO59EQ,M2LFH9WE,2018-02-22,2018-09-07 00:00:00
14138,LT,LT1,LT100,LT10000,7I77VL,M2LFH9WE,2019-06-18,2200-01-01 00:00:00
69650,B1,B11,B1100,B110000,UEYMBB,HDHOCYPD,2019-07-19,2200-01-01 00:00:00
42892,UA,UA1,UA100,UA10003,2CI2A8,JK4UKBI2,2019-07-25,2200-01-01 00:00:00
54889,M2,M21,M2100,M210000,4O4WSH,02Q78ADY,2018-03-20,2200-01-01 00:00:00
26819,K9,K91,K9100,K910002,UH2WWF,52JETVXH,2018-08-10,2200-01-01 00:00:00
69814,BJ,BJ1,BJ100,BJ10000,AO59EQ,2XSAI69H,2018-06-11,2200-01-01 00:00:00
55685,AG,AG1,AG100,AG10000,7I77VL,9XGMSC3X,2018-10-01,2200-01-01 00:00:00
77374,XG,XG1,XG102,XG10200,B4TA32,02Q78ADY,2018-10-07,2200-01-01 00:00:00
72920,RI,RI1,RI100,RI10001,B4TA32,GS4NPH2K,2018-01-26,2019-03-26 00:00:00
86853,GY,GY1,GY100,GY10000,AO59EQ,4WL34OA2,2019-01-28,2200-01-01 00:00:00
97793,MB,MB1,MB100,MB10002,UH2WWF,UEKGPFHF,2019-05-11,2200-01-01 00:00:00
58642,MB,MB1,MB100,MB10001,7I77VL,AXB8H17D,2019-05-29,2200-01-01 00:00:00
78705,Z8,Z81,Z8100,Z810000,T9BUA7,THSTSG81,2019-04-22,2200-01-01 00:00:00
29615,LT,LT1,LT100,LT10006,3GFIMK,25T5WNRI,2019-01-16,2200-01-01 00:00:00
15993,ZX,ZX1,ZX101,ZX10100,AO59EQ,5QQF7PWJ,2019-08-11,2200-01-01 00:00:00
77615,BY,BY1,BY100,BY10005,H2OK0Z,W581KQD3,2019-08-08,2200-01-01 00:00:00
36717,GY,GY1,GY100,GY10000,FI3ASO,4WL34OA2,2018-09-03,2200-01-01 00:00:00
58084,15,151,15100,1510000,H2OK0Z,4LU3GS87,2018-09-06,2019-04-15 00:00:00
52240,K9,K91,K9100,K910001,H2OK0Z,8TMVJREA,2019-10-10,2200-01-01 00:00:00
56727,K9,K91,K9101,K910100,4HJSP5,3P2I0S6S,2018-06-10,2200-01-01 00:00:00
16064,4W,4W1,4W100,4W10007,4O4WSH,02Q78ADY,2019-02-10,2019-06-19 00:00:00
96034,6L,6L1,6L101,6L10101,H2OK0Z,9XGMSC3X,2018-01-07,2200-01-01 00:00:00
51091,4W,4W1,4W100,4W10003,B4TA32,FJMH9IG1,2019-04-20,2200-01-01 00:00:00
78621,LT,LT1,LT102,LT10204,GVL335,Z4ZXJ8UY,2019-01-05,2200-01-01 00:00:00
51005,UA,UA1,UA100,UA10000,71SM2O,484JDFU5,2018-03-23,2200-01-01 00:00:00
44811,K9,K91,K9100,K910000,4HJSP5,THSTSG81,2018-02-12,2019-09-24 00:00:00
14632,15,151,15100,1510007,JSOSD5,H0PQ4U24,2018-11-24,2200-01-01 00:00:00
47028,H7,H71,H7100,H710000,SJP384,WKXRWTP7,2019-08-19,2200-01-01 00:00:00
59472,EH,EH1,EH100,EH10000,LDLJFP,9J3MMTSQ,2018-04-02,2200-01-01 00:00:00
91029,B0,B01,B0100,B010000,LDLJFP,4P277OU8,2018-04-12,2200-01-01 00:00:00
16243,AQ,AQ1,AQ100,AQ10000,JSOSD5,8FYENEWM,2019-03-04,2019-05-18 00:00:00
45737,YT,YT1,YT100,YT10000,VWHZMG,THSTSG81,2018-05-26,2018-07-17 00:00:00
95125,RI,RI1,RI100,RI10000,SJP384,5XUYK688,2019-10-24,2200-01-01 00:00:00
71927,AQ,AQ1,AQ100,AQ10004,UH2WWF,74CKJ9XQ,2019-08-19,2200-01-01 00:00:00
83908,B0,B01,B0100,B010000,T9BUA7,4P277OU8,2018-08-02,2019-09-24 00:00:00
46354,B1,B11,B1100,B110003,UH2WWF,YZ7ES5HU,2018-09-23,2200-01-01 00:00:00
31911,EH,EH1,EH102,EH10200,AWD3XQ,Z4ZXJ8UY,2019-01-23,2200-01-01 00:00:00
67362,G9,G91,G9100,G910000,2CI2A8,MMC2P4Y3,2019-05-21,2200-01-01 00:00:00
69054,G9,G91,G9101,G910100,7I77VL,UEKGPFHF,2019-03-07,2200-01-01 00:00:00
21277,15,151,15100,1510000,2CI2A8,4LU3GS87,2019-03-31,2200-01-01 00:00:00
34656,15,151,15100,1510004,BLW9FG,YTE7JS4H,2018-01-30,2019-07-05 00:00:00
40747,B0,B01,B0100,B010000,FI3ASO,4P277OU8,2018-06-12,2200-01-01 00:00:00
86081,15,151,15102,1510201,JSOSD5,R36KIEMV,2019-09-22,2200-01-01 00:00:00
57638,GV,GV1,GV101,GV10100,SJP384,VCZNKWIS,2019-01-22,2200-01-01 00:00:00
43692,ZX,ZX1,ZX100,ZX10000,4HJSP5,8FYENEWM,2018-06-17,2200-01-01 00:00:00
16496,B1,B11,B1102,B110206,CHQKSO,R36KIEMV,2018-03-11,2200-01-01 00:00:00
42844,LT,LT1,LT101,LT10101,FI3ASO,GS4NPH2K,2018-08-24,2200-01-01 00:00:00
59900,GV,GV1,GV100,GV10006,3GFIMK,H01VAI1S,2018-12-15,2200-01-01 00:00:00
87823,AQ,AQ1,AQ101,AQ10100,VWHZMG,VCZNKWIS,2018-12-11,2200-01-01 00:00:00
80589,ZR,ZR1,ZR100,ZR10004,7I77VL,8TMVJREA,2018-02-28,2018-04-02 00:00:00
89052,AG,AG1,AG100,AG10001,71SM2O,1F5HYT5P,2018-04-09,2200-01-01 00:00:00
85231,M2,M21,M2102,M210200,FI3ASO,H01VAI1S,2018-08-01,2200-01-01 00:00:00
83931,70,701,70100,7010000,AO59EQ,02Q78ADY,2019-05-24,2200-01-01 00:00:00
63624,GY,GY1,GY100,GY10008,BLW9FG,XF98E5PI,2018-06-21,2200-01-01 00:00:00
34466,ZX,ZX1,ZX100,ZX10004,AWD3XQ,8FYENEWM,2019-05-30,2200-01-01 00:00:00
18457,BY,BY1,BY100,BY10008,SHL570,W581KQD3,2019-08-01,2200-01-01 00:00:00
52850,AG,AG1,AG100,AG10000,TJYT3A,9XGMSC3X,2018-03-03,2019-11-19 00:00:00
47308,4W,4W1,4W102,4W10205,AO59EQ,O8WJHL4Q,2019-05-03,2200-01-01 00:00:00
14640,LT,LT1,LT100,LT10005,71SM2O,5IEJMU4O,2018-01-22,2019-11-19 00:00:00
98269,B0,B01,B0100,B010005,SJP384,W581KQD3,2018-06-20,2200-01-01 00:00:00
86518,UA,UA1,UA101,UA10101,VWHZMG,4LU3GS87,2018-08-24,2019-10-01 00:00:00
88113,FE,FE1,FE101,FE10100,UEYMBB,28V0149U,2019-04-15,2200-01-01 00:00:00
72181,LT,LT1,LT100,LT10004,GVL335,LNOTDGF7,2018-05-02,2200-01-01 00:00:00
81944,M2,M21,M2100,M210000,7I77VL,02Q78ADY,2018-08-07,2200-01-01 00:00:00
70140,K9,K91,K9100,K910006,4O4WSH,JXS1Z5D7,2019-02-13,2200-01-01 00:00:00
87975,G9,G91,G9100,G910000,UH2WWF,MMC2P4Y3,2019-09-04,2200-01-01 00:00:00
22272,YT,YT1,YT100,YT10000,B4TA32,THSTSG81,2019-05-01,2200-01-01 00:00:00
14987,B0,B01,B0100,B010000,4O4WSH,4P277OU8,2019-10-02,2200-01-01 00:00:00
53146,AQ,AQ1,AQ100,AQ10000,SHL570,8FYENEWM,2018-04-30,2200-01-01 00:00:00
93389,8J,8J1,8J100,8J10008,2CI2A8,GS4NPH2K,2019-06-29,2200-01-01 00:00:00
15499,ZX,ZX1,ZX100,ZX10000,4HJSP5,8FYENEWM,2018-02-12,2019-02-02 00:00:00
11826,FE,FE1,FE100,FE10000,SHL570,3FAIRJ4W,2018-11-17,2200-01-01 00:00:00
22579,YT,YT1,YT100,YT10001,4HJSP5,LNOTDGF7,2018-09-13,2200-01-01 00:00:00
38186,H7,H71,H7100,H710000,UEYMBB,WKXRWTP7,2019-01-13,2019-08-08 00:00:00
68620,K9,K91,K9100,K910004,CHQKSO,9J3MMTSQ,2018-01-16,2019-09-06 00:00:00
28185,GV,GV1,GV100,GV10000,3GFIMK,5IEJMU4O,2019-06-19,2200-01-01 00:00:00
93414,GY,GY1,GY100,GY10002,TJYT3A,9J3MMTSQ,2018-02-04,2019-04-24 00:00:00
25538,EH,EH1,EH100,EH10000,CHQKSO,9J3MMTSQ,2019-06-26,2200-01-01 00:00:00
60636,8J,8J1,8J100,8J10000,3GFIMK,25T5WNRI,2019-03-30,2200-01-01 00:00:00
47355,AG,AG1,AG100,AG10000,2CI2A8,9XGMSC3X,2018-03-15,2019-08-05 00:00:00
86769,AQ,AQ1,AQ100,AQ10000,UH2WWF,8FYENEWM,2018-07-23,2200-01-01 00:00:00
10973,XG,XG1,XG101,XG10100,FI3ASO,9XGMSC3X,2018-09-14,2200-01-01 00:00:00
44124,AG,AG1,AG101,AG10101,H2OK0Z,4LU3GS87,2019-10-28,2019-12-12 00:00:00
54011,6L,6L1,6L100,6L10000,T9BUA7,Q6NGRHUA,2019-02-19,2200-01-01 00:00:00
45125,M2,M21,M2102,M210200,4HJSP5,H01VAI1S,2018-07-10,2200-01-01 00:00:00
87423,K9,K91,K9100,K910006,71SM2O,JXS1Z5D7,2018-03-06,2019-10-27 00:00:00
66067,SI,SI1,SI100,SI10006,TJYT3A,FJMH9IG1,2019-03-08,2200-01-01 00:00:00
10290,ZX,ZX1,ZX101,ZX10100,4HJSP5,5QQF7PWJ,2018-02-20,2019-04-14 00:00:00
21516,SI,SI1,SI100,SI10001,AWD3XQ,H1BWFJRN,2018-09-04,2200-01-01 00:00:00
77593,ZR,ZR1,ZR100,ZR10000,VZ44WY,J8XKU94W,2018-02-24,2200-01-01 00:00:00
68208,SI,SI1,SI100,SI10006,FI3ASO,FJMH9IG1,2018-12-23,2200-01-01 00:00:00
67330,ZR,ZR1,ZR100,ZR10000,AO59EQ,J8XKU94W,2018-07-02,2200-01-01 00:00:00
61238,4W,4W1,4W100,4W10000,TJYT3A,O0Q22TYD,2019-10-28,2200-01-01 00:00:00
82836,AQ,AQ1,AQ102,AQ10208,UEYMBB,72PNE8FJ,2018-10-22,2200-01-01 00:00:00
85695,AQ,AQ1,AQ101,AQ10103,TJYT3A,FJMH9IG1,2018-08-04,2200-01-01 00:00:00
45681,B1,B11,B1100,B110003,VZ44WY,YZ7ES5HU,2019-06-22,2200-01-01 00:00:00
37909,Q5,Q51,Q5101,Q510104,2CI2A8,F87SIC0N,2019-04-20,2200-01-01 00:00:00
32675,AQ,AQ1,AQ100,AQ10000,T9BUA7,8FYENEWM,2018-04-25,2200-01-01 00:00:00
74550,AG,AG1,AG100,AG10003,7I77VL,FJMH9IG1,2018-10-19,2200-01-01 00:00:00
16542,ZR,ZR1,ZR100,ZR10000,7I77VL,J8XKU94W,2018-11-21,2200-01-01 00:00:00
18763,Q5,Q51,Q5100,Q510007,CHQKSO,8FYENEWM,2019-09-13,2019-10-16 00:00:00
42859,EH,EH1,EH100,EH10000,CHQKSO,9J3MMTSQ,2018-07-22,2200-01-01 00:00:00
27450,Q5,Q51,Q5102,Q510205,UH2WWF,WKXRWTP7,2019-06-05,2200-01-01 00:00:00
63638,G9,G91,G9100,G910001,2CI2A8,8FYENEWM,2019-08-24,2200-01-01 00:00:00
98303,H7,H71,H7102,H710200,H2OK0Z,JXS1Z5D7,2019-05-13,2200-01-01 00:00:00
41871,UA,UA1,UA102,UA10200,CHQKSO,9XGMSC3X,2019-04-06,2200-01-01 00:00:00
57688,H7,H71,H7100,H710004,71SM2O,O8WJHL4Q,2019-07-26,2200-01-01 00:00:00
26756,XG,XG1,XG100,XG10000,UH2WWF,4WL34OA2,2018-10-06,2200-01-01 00:00:00
53233,FE,FE1,FE100,FE10003,SJP384,UWKPEFCJ,2018-01-12,2200-01-01 00:00:00
57447,BJ,BJ1,BJ100,BJ10000,AO59EQ,2XSAI69H,2019-07-01,2200-01-01 00:00:00
65937,AG,AG1,AG100,AG10006,UH2WWF,UJWSTGEH,2018-11-17,2200-01-01 00:00:00
50984,15,151,15102,1510200,3GFIMK,38HT8FNL,2018-06-18,2019-10-14 00:00:00
58540,RI,RI1,RI100,RI10000,TJYT3A,5XUYK688,2019-10-19,2200-01-01 00:00:00
58984,UA,UA1,UA100,UA10004,LDLJFP,28V0149U,2018-07-23,2200-01-01 00:00:00
92530,8J,8J1,8J102,8J10200,TJYT3A,8TMVJREA,2019-03-19,2200-01-01 00:00:00
19004,FE,FE1,FE100,FE10000,4HJSP5,3FAIRJ4W,2019-03-04,2200-01-01 00:00:00
77068,ZX,ZX1,ZX102,ZX10204,SJP384,25T5WNRI,2018-10-08,2200-01-01 00:00:00
75434,RI,RI1,RI100,RI10000,SJP384,5XUYK688,2018-03-06,2019-06-25 00:00:00
63648,GY,GY1,GY100,GY10008,CHQKSO,XF98E5PI,2018-09-01,2200-01-01 00:00:00
78916,AG,AG1,AG100,AG10007,VZ44WY,UWKPEFCJ,2019-01-13,2019-03-28 00:00:00
64521,B0,B01,B0100,B010005,T9BUA7,W581KQD3,2018-06-28,2019-02-28 00:00:00
36167,AQ,AQ1,AQ100,AQ10000,T9BUA7,8FYENEWM,2019-07-27,2200-01-01 00:00:00
98503,H7,H71,H7100,H710000,VWHZMG,WKXRWTP7,2019-07-07,2200-01-01 00:00:00
73755,B1,B11,B1101,B110106,H2OK0Z,1VPSWMTF,2019-08-10,2200-01-01 00:00:00
48723,M2,M21,M2100,M210004,CHQKSO,4WL34OA2,2018-03-03,2200-01-01 00:00:00
23998,UA,UA1,UA100,UA10003,T9BUA7,JK4UKBI2,2018-07-16,2019-06-02 00:00:00
50350,70,701,70100,7010005,H2OK0Z,AXB8H17D,2019-07-26,2200-01-01 00:00:00
61065,4W,4W1,4W100,4W10000,B4TA32,O0Q22TYD,2019-05-19,2200-01-01 00:00:00
71860,H7,H71,H7100,H710004,AO59EQ,O8WJHL4Q,2018-09-04,2200-01-01 00:00:00
69580,GV,GV1,GV102,GV10200,AWD3XQ,W581KQD3,2018-08-25,2200-01-01 00:00:00
98642,YT,YT1,YT100,YT10000,GVL335,THSTSG81,2018-04-16,2200-01-01 00:00:00
32801,XG,XG1,XG102,XG10200,JSOSD5,02Q78ADY,2018-04-01,2200-01-01 00:00:00
67113,BJ,BJ1,BJ101,BJ10100,LDLJFP,1F5HYT5P,2018-02-02,2200-01-01 00:00:00
78433,MB,MB1,MB101,MB10100,VZ44WY,F87SIC0N,2019-02-26,2200-01-01 00:00:00
29869,YT,YT1,YT100,YT10004,VWHZMG,38HT8FNL,2018-09-01,2200-01-01 00:00:00
53886,70,701,70100,7010004,SJP384,YZ7ES5HU,2018-07-27,2019-11-04 00:00:00
81822,G9,G91,G9100,G910002,TJYT3A,4WL34OA2,2018-01-25,2018-05-09 00:00:00
88548,15,151,15100,1510000,FI3ASO,4LU3GS87,2018-08-20,2200-01-01 00:00:00
10388,H7,H71,H7102,H710205,4HJSP5,N2CAIPJF,2019-04-30,2200-01-01 00:00:00
24800,BJ,BJ1,BJ102,BJ10200,JSOSD5,9J3MMTSQ,2018-07-02,2200-01-01 00:00:00
65244,B0,B01,B0100,B010005,3GFIMK,W581KQD3,2019-10-08,2200-01-01 00:00:00
17406,XG,XG1,XG101,XG10108,SJP384,J8XKU94W,2018-07-19,2019-11-23 00:00:00
63462,BY,BY1,BY101,BY10100,T9BUA7,KU7Q9EM1,2019-04-12,2200-01-01 00:00:00
10060,H7,H71,H7100,H710003,UH2WWF,XF98E5PI,2019-04-10,2200-01-01 00:00:00
70972,6L,6L1,6L100,6L10000,SJP384,Q6NGRHUA,2019-03-18,2200-01-01 00:00:00
69993,EH,EH1,EH100,EH10000,AWD3XQ,9J3MMTSQ,2019-03-29,2200-01-01 00:00:00
36115,BY,BY1,BY100,BY10004,UH2WWF,F87SIC0N,2018-06-27,2200-01-01 00:00:00
65894,MB,MB1,MB101,MB10100,3GFIMK,F87SIC0N,2019-04-16,2200-01-01 00:00:00
57086,H7,H71,H7100,H710000,UEYMBB,WKXRWTP7,2018-07-07,2200-01-01 00:00:00
31344,YT,YT1,YT100,YT10006,4HJSP5,Q6NGRHUA,2018-12-08,2200-01-01 00:00:00
60092,4W,4W1,4W101,4W10106,VZ44WY,4P277OU8,2018-08-14,2200-01-01 00:00:00
93354,UA,UA1,UA100,UA10000,4HJSP5,484JDFU5,2019-01-02,2200-01-01 00:00:00
15905,M2,M21,M2102,M210201,AWD3XQ,GS4NPH2K,2018-10-31,2200-01-01 00:00:00
11666,GY,GY1,GY100,GY10000,FI3ASO,4WL34OA2,2018-01-14,2200-01-01 00:00:00
25605,B1,B11,B1100,B110000,3GFIMK,HDHOCYPD,2019-10-16,2200-01-01 00:00:00
67402,LT,LT1,LT100,LT10000,BLW9FG,M2LFH9WE,2019-04-26,2200-01-01 00:00:00
78073,4W,4W1,4W100,4W10005,VZ44WY,VMB2NPY2,2018-12-24,2019-09-05 00:00:00
75356,Q5,Q51,Q5100,Q510000,B4TA32,Z7FUX49S,2018-02-13,2200-01-01 00:00:00
83361,MB,MB1,MB100,MB10000,TJYT3A,H01VAI1S,2019-10-08,2019-11-22 00:00:00
15232,MB,MB1,MB102,MB10200,UEYMBB,G6OB30M4,2018-05-08,2200-01-01 00:00:00
75661,K9,K91,K9100,K910003,LDLJFP,6VU0IOUP,2019-10-01,2200-01-01 00:00:00
44746,H7,H71,H7102,H710200,LDLJFP,JXS1Z5D7,2019-10-13,2200-01-01 00:00:00
94200,70,701,70100,7010004,UEYMBB,YZ7ES5HU,2018-12-25,2200-01-01 00:00:00
93822,B1,B11,B1100,B110005,3GFIMK,YZ7ES5HU,2018-01-07,2019-12-26 00:00:00
55133,AQ,AQ1,AQ100,AQ10000,UEYMBB,8FYENEWM,2019-05-27,2200-01-01 00:00:00
89320,4W,4W1,4W101,4W10105,TJYT3A,20SL2XLU,2018-01-14,2200-01-01 00:00:00
95769,UA,UA1,UA100,UA10000,CHQKSO,484JDFU5,2018-03-31,2200-01-01 00:00:00
11599,UA,UA1,UA102,UA10200,4O4WSH,9XGMSC3X,2018-11-23,2200-01-01 00:00:00
92936,Q5,Q51,Q5102,Q510202,UEYMBB,H0PQ4U24,2019-08-16,2200-01-01 00:00:00
38141,EH,EH1,EH102,EH10207,JSOSD5,25T5WNRI,2019-01-23,2200-01-01 00:00:00
24456,6L,6L1,6L100,6L10000,71SM2O,Q6NGRHUA,2018-03-27,2200-01-01 00:00:00
55748,M2,M21,M2100,M210000,2CI2A8,02Q78ADY,2018-01-28,2018-09-28 00:00:00
38064,FE,FE1,FE100,FE10000,T9BUA7,3FAIRJ4W,2018-08-10,2200-01-01 00:00:00
67369,8J,8J1,8J100,8J10000,TJYT3A,25T5WNRI,2018-01-01,2200-01-01 00:00:00
97876,8J,8J1,8J101,8J10100,VZ44WY,9XGMSC3X,2018-05-08,2200-01-01 00:00:00
10947,LT,LT1,LT100,LT10002,4O4WSH,N2CAIPJF,2019-07-19,2200-01-01 00:00:00
21940,4W,4W1,4W101,4W10106,TJYT3A,4P277OU8,2018-09-20,2019-03-23 00:00:00
37239,ZR,ZR1,ZR100,ZR10000,GVL335,J8XKU94W,2019-09-23,2200-01-01 00:00:00
15896,K9,K91,K9102,K910200,UH2WWF,3P2I0S6S,2018-08-30,2200-01-01 00:00:00
24344,EH,EH1,EH100,EH10000,H2OK0Z,9J3MMTSQ,2018-04-09,2200-01-01 00:00:00
46046,YT,YT1,YT100,YT10000,BLW9FG,THSTSG81,2018-06-17,2019-04-03 00:00:00
17344,15,151,15100,1510000,H2OK0Z,4LU3GS87,2018-08-29,2200-01-01 00:00:00
46795,AG,AG1,AG102,AG10207,UEYMBB,SKXXW8V9,2018-01-05,2200-01-01 00:00:00
15646,ZX,ZX1,ZX102,ZX10200,JSOSD5,4LU3GS87,2018-02-25,2200-01-01 00:00:00
26076,70,701,70100,7010001,JSOSD5,JXS1Z5D7,2018-06-11,2200-01-01 00:00:00
73140,15,151,15100,1510005,H2OK0Z,Z7FUX49S,2019-10-06,2200-01-01 00:00:00
47291,ZX,ZX1,ZX100,ZX10000,3GFIMK,8FYENEWM,2018-01-05,2200-01-01 00:00:00
19757,ZX,ZX1,ZX102,ZX10200,BLW9FG,4LU3GS87,2019-08-25,2200-01-01 00:00:00
86515,LT,LT1,LT100,LT10000,3GFIMK,M2LFH9WE,2019-07-20,2200-01-01 00:00:00
25353,AQ,AQ1,AQ100,AQ10000,71SM2O,8FYENEWM,2019-07-26,2200-01-01 00:00:00
53438,BJ,BJ1,BJ101,BJ10100,7I77VL,1F5HYT5P,2018-12-09,2200-01-01 00:00:00
82731,RI,RI1,RI100,RI10000,FI3ASO,5XUYK688,2019-01-30,2200-01-01 00:00:00
21389,GY,GY1,GY100,GY10003,7I77VL,FJMH9IG1,2018-03-16,2200-01-01 00:00:00
87112,BJ,BJ1,BJ100,BJ10002,BLW9FG,9XGMSC3X,2019-03-31,2200-01-01 00:00:00
52080,FE,FE1,FE100,FE10004,4O4WSH,O0Q22TYD,2019-04-21,2019-09-19 00:00:00
26018,GY,GY1,GY100,GY10000,UEYMBB,4WL34OA2,2018-11-04,2200-01-01 00:00:00
57980,AQ,AQ1,AQ100,AQ10008,BLW9FG,52JETVXH,2018-04-10,2019-10-07 00:00:00
56252,GV,GV1,GV101,GV10100,H2OK0Z,VCZNKWIS,2019-04-09,2200-01-01 00:00:00
69998,K9,K91,K9102,K910200,JSOSD5,3P2I0S6S,2019-05-30,2200-01-01 00:00:00
94676,YT,YT1,YT101,YT10101,JSOSD5,XF98E5PI,2019-02-21,2200-01-01 00:00:00
27417,YT,YT1,YT100,YT10003,UEYMBB,38HT8FNL,2018-07-28,2200-01-01 00:00:00
11952,15,151,15100,1510000,H2OK0Z,4LU3GS87,2018-05-24,2019-08-19 00:00:00
55566,4W,4W1,4W100,4W10000,AO59EQ,O0Q22TYD,2018-09-17,2019-12-08 00:00:00
42128,GY,GY1,GY100,GY10000,BLW9FG,4WL34OA2,2018-04-02,2200-01-01 00:00:00
61075,G9,G91,G9102,G910200,AO59EQ,8TMVJREA,2018-01-05,2018-03-31 00:00:00
52000,AQ,AQ1,AQ100,AQ10008,BLW9FG,52JETVXH,2018-02-06,2200-01-01 00:00:00
84011,G9,G91,G9100,G910000,JSOSD5,MMC2P4Y3,2018-03-12,2200-01-01 00:00:00
93657,EH,EH1,EH100,EH10000,2CI2A8,9J3MMTSQ,2018-11-19,2200-01-01 00:00:00
41660,XG,XG1,XG102,XG10200,7I77VL,02Q78ADY,2019-02-07,2019-10-20 00:00:00
42338,H7,H71,H7100,H710005,3GFIMK,YZ7ES5HU,2019-10-09,2200-01-01 00:00:00
21233,SI,SI1,SI100,SI10006,SJP384,FJMH9IG1,2019-01-21,2200-01-01 00:00:00
29961,BY,BY1,BY100,BY10003,AWD3XQ,O8WJHL4Q,2019-06-27,2200-01-01 00:00:00
91683,BY,BY1,BY100,BY10000,SHL570,5QQF7PWJ,2019-02-25,2019-04-01 00:00:00
68972,GY,GY1,GY100,GY10000,SHL570,4WL34OA2,2018-05-08,2200-01-01 00:00:00
42934,4W,4W1,4W100,4W10000,UEYMBB,O0Q22TYD,2019-08-31,2200-01-01 00:00:00
44564,FE,FE1,FE100,FE10006,SJP384,HDHOCYPD,2018-11-22,2200-01-01 00:00:00
28675,GY,GY1,GY101,GY10100,4HJSP5,1F5HYT5P,2019-08-16,2200-01-01 00:00:00
26244,M2,M21,M2101,M210100,VZ44WY,5QQF7PWJ,2019-01-27,2200-01-01 00:00:00
21354,G9,G91,G9100,G910000,CHQKSO,MMC2P4Y3,2019-06-18,2200-01-01 00:00:00
86064,FE,FE1,FE100,FE10000,H2OK0Z,3FAIRJ4W,2019-03-15,2200-01-01 00:00:00
19975,GY,GY1,GY100,GY10001,CHQKSO,4P277OU8,2018-05-14,2200-01-01 00:00:00
15845,M2,M21,M2100,M210001,AWD3XQ,FJMH9IG1,2019-04-25,2200-01-01 00:00:00
52736,BJ,BJ1,BJ100,BJ10000,AWD3XQ,2XSAI69H,2018-06-04,2019-12-19 00:00:00
39148,G9,G91,G9100,G910006,SHL570,M2LFH9WE,2019-08-05,2200-01-01 00:00:00
64093,LT,LT1,LT102,LT10200,4HJSP5,UEKGPFHF,2018-04-15,2200-01-01 00:00:00
33880,Q5,Q51,Q5100,Q510005,H2OK0Z,M2LFH9WE,2019-08-29,2200-01-01 00:00:00
29174,GY,GY1,GY101,GY10100,GVL335,1F5HYT5P,2018-04-14,2200-01-01 00:00:00
18384,H7,H71,H7100,H710000,H2OK0Z,WKXRWTP7,2018-11-20,2200-01-01 00:00:00
49012,UA,UA1,UA100,UA10000,BLW9FG,484JDFU5,2019-03-29,2019-06-06 00:00:00
40369,70,701,70100,7010000,H2OK0Z,02Q78ADY,2019-10-19,2200-01-01 00:00:00
63165,LT,LT1,LT100,LT10003,B4TA32,1F5HYT5P,2018-12-18,2200-01-01 00:00:00
56200,ZR,ZR1,ZR100,ZR10000,GVL335,J8XKU94W,2019-10-19,2200-01-01 00:00:00
79148,70,701,70102,7010203,H2OK0Z,VCZNKWIS,2019-09-08,2200-01-01 00:00:00
55541,B0,B01,B0100,B010008,7I77VL,9XGMSC3X,2019-05-11,2200-01-01 00:00:00
38664,G9,G91,G9100,G910001,4HJSP5,8FYENEWM,2018-01-17,2200-01-01 00:00:00
23149,UA,UA1,UA101,UA10108,VZ44WY,6VU0IOUP,2018-07-04,2200-01-01 00:00:00
47059,EH,EH1,EH100,EH10000,JSOSD5,9J3MMTSQ,2018-01-31,2019-01-01 00:00:00
60289,M2,M21,M2102,M210200,4O4WSH,H01VAI1S,2018-12-12,2200-01-01 00:00:00
84435,6L,6L1,6L100,6L10007,3GFIMK,5XUYK688,2019-06-14,2200-01-01 00:00:00
64746,Z8,Z81,Z8102,Z810208,FI3ASO,8FYENEWM,2019-04-28,2200-01-01 00:00:00
85855,4W,4W1,4W100,4W10000,SHL570,O0Q22TYD,2019-09-09,2200-01-01 00:00:00
55376,RI,RI1,RI102,RI10200,LDLJFP,28V0149U,2018-12-24,2200-01-01 00:00:00
44311,FE,FE1,FE101,FE10100,4HJSP5,28V0149U,2019-08-25,2200-01-01 00:00:00
69263,FE,FE1,FE101,FE10100,CHQKSO,28V0149U,2018-07-31,2200-01-01 00:00:00
29122,RI,RI1,RI100,RI10000,AO59EQ,5XUYK688,2018-12-28,2200-01-01 00:00:00
19726,EH,EH1,EH100,EH10004,SJP384,G6OB30M4,2019-08-16,2200-01-01 00:00:00
61918,GY,GY1,GY101,GY10101,4HJSP5,484JDFU5,2019-08-18,2200-01-01 00:00:00
27657,AQ,AQ1,AQ102,AQ10202,SJP384,YTE7JS4H,2019-04-06,2200-01-01 00:00:00
86357,15,151,15100,1510000,UH2WWF,4LU3GS87,2018-10-14,2200-01-01 00:00:00
18139,M2,M21,M2102,M210200,FI3ASO,H01VAI1S,2018-06-02,2200-01-01 00:00:00
12997,EH,EH1,EH102,EH10200,2CI2A8,Z4ZXJ8UY,2018-09-08,2019-05-17 00:00:00
17158,6L,6L1,6L102,6L10201,4O4WSH,4LU3GS87,2018-11-14,2200-01-01 00:00:00
93005,Z8,Z81,Z8100,Z810000,2CI2A8,THSTSG81,2019-04-04,2200-01-01 00:00:00
76092,AG,AG1,AG100,AG10000,VZ44WY,9XGMSC3X,2018-03-27,2200-01-01 00:00:00
44301,H7,H71,H7100,H710000,UH2WWF,WKXRWTP7,2019-10-31,2200-01-01 00:00:00
45206,RI,RI1,RI100,RI10004,B4TA32,UJWSTGEH,2019-03-01,2200-01-01 00:00:00
88149,AG,AG1,AG100,AG10008,AWD3XQ,3P2I0S6S,2018-10-27,2019-11-22 00:00:00
28673,LT,LT1,LT100,LT10007,4HJSP5,8TMVJREA,2018-12-06,2200-01-01 00:00:00
50191,4W,4W1,4W101,4W10103,AWD3XQ,O8WJHL4Q,2019-01-11,2200-01-01 00:00:00
82175,FE,FE1,FE102,FE10200,B4TA32,H0PQ4U24,2019-04-18,2200-01-01 00:00:00
39811,SI,SI1,SI100,SI10000,UH2WWF,8FYENEWM,2018-05-20,2019-01-17 00:00:00
99310,6L,6L1,6L100,6L10000,T9BUA7,Q6NGRHUA,2018-05-09,2200-01-01 00:00:00
11799,EH,EH1,EH101,EH10100,7I77VL,UWKPEFCJ,2018-05-24,2200-01-01 00:00:00
67102,UA,UA1,UA100,UA10000,7I77VL,484JDFU5,2018-06-13,2018-09-30 00:00:00
23740,B0,B01,B0100,B010000,VWHZMG,4P277OU8,2018-05-18,2018-09-21 00:00:00
57975,SI,SI1,SI100,SI10000,T9BUA7,8FYENEWM,2019-03-15,2019-05-29 00:00:00
80542,G9,G91,G9100,G910000,SJP384,MMC2P4Y3,2019-08-12,2200-01-01 00:00:00
85374,K9,K91,K9100,K910008,2CI2A8,Z4ZXJ8UY,2018-07-14,2019-08-07 00:00:00
38457,ZR,ZR1,ZR100,ZR10000,JSOSD5,J8XKU94W,2019-03-07,2200-01-01 00:00:00
19480,Q5,Q51,Q5102,Q510200,LDLJFP,28V0149U,2018-10-29,2200-01-01 00:00:00
54569,RI,RI1,RI100,RI10004,SJP384,UJWSTGEH,2019-03-18,2200-01-01 00:00:00
90376,XG,XG1,XG100,XG10006,VWHZMG,Q6NGRHUA,2019-07-02,2200-01-01 00:00:00
63068,MB,MB1,MB100,MB10000,UEYMBB,H01VAI1S,2019-09-29,2200-01-01 00:00:00
15035,GY,GY1,GY102,GY10203,CHQKSO,4WL34OA2,2018-08-21,2019-10-21 00:00:00
38579,FE,FE1,FE100,FE10005,VWHZMG,UWKPEFCJ,2018-08-25,2019-10-12 00:00:00
37357,70,701,70100,7010003,4O4WSH,MMC2P4Y3,2019-07-21,2200-01-01 00:00:00
40251,6L,6L1,6L100,6L10001,AO59EQ,JXS1Z5D7,2019-04-09,2200-01-01 00:00:00
88664,8J,8J1,8J102,8J10200,JSOSD5,8TMVJREA,2019-04-11,2200-01-01 00:00:00
79217,Z8,Z81,Z8100,Z810001,SHL570,6VU0IOUP,2019-10-09,2200-01-01 00:00:00
28141,K9,K91,K9100,K910000,JSOSD5,THSTSG81,2018-06-13,2200-01-01 00:00:00
47065,XG,XG1,XG100,XG10002,SJP384,38HT8FNL,2019-06-05,2200-01-01 00:00:00
97358,H7,H71,H7102,H710200,GVL335,JXS1Z5D7,2018-12-30,2200-01-01 00:00:00
28145,YT,YT1,YT102,YT10200,4O4WSH,J8XKU94W,2019-09-07,2200-01-01 00:00:00
43204,UA,UA1,UA100,UA10000,71SM2O,484JDFU5,2018-12-28,2200-01-01 00:00:00
45404,G9,G91,G9100,G910002,UH2WWF,4WL34OA2,2018-09-25,2200-01-01 00:00:00
76187,GY,GY1,GY101,GY10100,T9BUA7,1F5HYT5P,2018-03-06,2019-01-22 00:00:00
68098,GV,GV1,GV101,GV10100,BLW9FG,VCZNKWIS,2019-08-04,2200-01-01 00:00:00
59890,BJ,BJ1,BJ100,BJ10000,TJYT3A,2XSAI69H,2018-01-27,2200-01-01 00:00:00
74865,H7,H71,H7102,H710200,TJYT3A,JXS1Z5D7,2019-01-23,2200-01-01 00:00:00
30616,GY,GY1,GY100,GY10000,7I77VL,4WL34OA2,2019-02-13,2200-01-01 00:00:00
73355,BJ,BJ1,BJ100,BJ10000,B4TA32,2XSAI69H,2019-06-02,2200-01-01 00:00:00
29698,YT,YT1,YT100,YT10001,4HJSP5,LNOTDGF7,2019-03-29,2200-01-01 00:00:00
33277,LT,LT1,LT101,LT10100,CHQKSO,VCZNKWIS,2019-06-04,2200-01-01 00:00:00
36984,BY,BY1,BY100,BY10000,BLW9FG,5QQF7PWJ,2018-12-17,2019-08-23 00:00:00
15732,8J,8J1,8J102,8J10201,JSOSD5,J8XKU94W,2018-11-04,2200-01-01 00:00:00
13973,GV,GV1,GV100,GV10000,GVL335,5IEJMU4O,2019-09-09,2200-01-01 00:00:00
19990,Q5,Q51,Q5101,Q510100,AO59EQ,5IEJMU4O,2018-08-09,2200-01-01 00:00:00
85124,AG,AG1,AG100,AG10007,B4TA32,UWKPEFCJ,2019-05-11,2200-01-01 00:00:00
27240,15,151,15100,1510001,3GFIMK,UEKGPFHF,2019-07-08,2200-01-01 00:00:00
15955,G9,G91,G9100,G910000,CHQKSO,MMC2P4Y3,2019-04-05,2200-01-01 00:00:00
12634,70,701,70100,7010001,UEYMBB,JXS1Z5D7,2018-08-03,2018-12-21 00:00:00
91933,8J,8J1,8J102,8J10200,VWHZMG,8TMVJREA,2019-02-26,2200-01-01 00:00:00
79052,UA,UA1,UA100,UA10003,FI3ASO,JK4UKBI2,2018-11-09,2200-01-01 00:00:00
38700,ZR,ZR1,ZR100,ZR10000,FI3ASO,J8XKU94W,2019-04-24,2200-01-01 00:00:00
69661,70,701,70102,7010206,4O4WSH,6VU0IOUP,2018-12-14,2019-12-08 00:00:00
63134,AQ,AQ1,AQ100,AQ10000,B4TA32,8FYENEWM,2018-05-22,2200-01-01 00:00:00
76539,6L,6L1,6L100,6L10000,UEYMBB,Q6NGRHUA,2019-08-03,2200-01-01 00:00:00
32567,SI,SI1,SI100,SI10001,2CI2A8,H1BWFJRN,2018-06-17,2019-09-25 00:00:00
49688,GV,GV1,GV102,GV10200,LDLJFP,W581KQD3,2019-01-23,2200-01-01 00:00:00
16143,8J,8J1,8J102,8J10207,H2OK0Z,8TMVJREA,2019-01-17,2200-01-01 00:00:00
67286,AG,AG1,AG101,AG10100,B4TA32,F87SIC0N,2018-11-04,2019-12-07 00:00:00
86116,AG,AG1,AG100,AG10002,JSOSD5,LNOTDGF7,2018-06-23,2019-03-06 00:00:00
19143,70,701,70100,7010000,AO59EQ,02Q78ADY,2018-06-12,2200-01-01 00:00:00
66646,B0,B01,B0101,B010100,CHQKSO,2XSAI69H,2018-06-28,2200-01-01 00:00:00
99905,ZR,ZR1,ZR100,ZR10005,2CI2A8,1F5HYT5P,2018-09-29,2019-10-21 00:00:00
92084,15,151,15100,1510000,B4TA32,4LU3GS87,2019-04-30,2200-01-01 00:00:00
76811,H7,H71,H7100,H710001,4O4WSH,20SL2XLU,2018-11-29,2019-05-26 00:00:00
47952,RI,RI1,RI100,RI10003,VWHZMG,20SL2XLU,2019-08-22,2200-01-01 00:00:00
49801,H7,H71,H7100,H710002,2CI2A8,8FYENEWM,2018-10-12,2200-01-01 00:00:00
32853,8J,8J1,8J101,8J10101,SHL570,KU7Q9EM1,2019-04-14,2200-01-01 00:00:00
10230,6L,6L1,6L101,6L10100,71SM2O,VMB2NPY2,2019-03-14,2200-01-01 00:00:00
73037,8J,8J1,8J101,8J10100,UEYMBB,9XGMSC3X,2019-10-14,2200-01-01 00:00:00
10216,4W,4W1,4W100,4W10008,GVL335,72PNE8FJ,2019-06-15,2200-01-01 00:00:00
84299,RI,RI1,RI100,RI10000,4HJSP5,5XUYK688,2019-09-15,2200-01-01 00:00:00
26890,B1,B11,B1100,B110001,B4TA32,38HT8FNL,2019-04-21,2200-01-01 00:00:00
78072,SI,SI1,SI100,SI10000,FI3ASO,8FYENEWM,2019-01-26,2200-01-01 00:00:00
36123,M2,M21,M2100,M210002,LDLJFP,4LU3GS87,2018-09-10,2200-01-01 00:00:00
75280,ZR,ZR1,ZR102,ZR10200,SJP384,8TMVJREA,2018-07-22,2200-01-01 00:00:00
81255,EH,EH1,EH100,EH10008,4HJSP5,GS4NPH2K,2018-07-05,2019-04-18 00:00:00
15834,XG,XG1,XG100,XG10000,4O4WSH,4WL34OA2,2018-02-26,2200-01-01 00:00:00
87968,RI,RI1,RI100,RI10006,71SM2O,UJWSTGEH,2019-07-05,2200-01-01 00:00:00
71683,8J,8J1,8J100,8J10000,4HJSP5,25T5WNRI,2019-05-14,2200-01-01 00:00:00
18314,6L,6L1,6L100,6L10005,SHL570,YTE7JS4H,2018-08-28,2200-01-01 00:00:00
86653,G9,G91,G9100,G910005,TJYT3A,M2LFH9WE,2019-09-27,2200-01-01 00:00:00
51319,XG,XG1,XG101,XG10106,B4TA32,AXB8H17D,2018-12-07,2019-03-08 00:00:00
88782,H7,H71,H7101,H710100,GVL335,Z4ZXJ8UY,2019-07-25,2200-01-01 00:00:00
93487,M2,M21,M2100,M210005,71SM2O,YZ7ES5HU,2018-01-10,2019-07-10 00:00:00
45837,K9,K91,K9100,K910006,4HJSP5,JXS1Z5D7,2019-10-03,2200-01-01 00:00:00
31656,MB,MB1,MB100,MB10001,AWD3XQ,AXB8H17D,2019-01-12,2200-01-01 00:00:00
18226,BJ,BJ1,BJ100,BJ10001,AWD3XQ,KU7Q9EM1,2019-05-27,2200-01-01 00:00:00
67877,MB,MB1,MB100,MB10000,7I77VL,H01VAI1S,2018-10-12,2200-01-01 00:00:00
43589,K9,K91,K9102,K910200,TJYT3A,3P2I0S6S,2018-05-02,2200-01-01 00:00:00
22108,SI,SI1,SI100,SI10008,UH2WWF,52JETVXH,2019-08-19,2200-01-01 00:00:00
40930,6L,6L1,6L100,6L10003,T9BUA7,WKXRWTP7,2018-01-23,2200-01-01 00:00:00
48175,FE,FE1,FE100,FE10000,2CI2A8,3FAIRJ4W,2018-04-27,2200-01-01 00:00:00
29946,SI,SI1,SI100,SI10006,FI3ASO,FJMH9IG1,2018-03-28,2200-01-01 00:00:00
62163,4W,4W1,4W100,4W10002,2CI2A8,GS4NPH2K,2019-07-31,2200-01-01 00:00:00
32954,6L,6L1,6L100,6L10000,2CI2A8,Q6NGRHUA,2019-09-20,2200-01-01 00:00:00
49092,M2,M21,M2100,M210000,VWHZMG,02Q78ADY,2018-03-29,2200-01-01 00:00:00
11379,H7,H71,H7100,H710001,SHL570,20SL2XLU,2018-09-14,2200-01-01 00:00:00
73942,GV,GV1,GV100,GV10000,H2OK0Z,5IEJMU4O,2019-02-28,2200-01-01 00:00:00
75100,AQ,AQ1,AQ100,AQ10005,VZ44WY,4LU3GS87,2019-08-11,2200-01-01 00:00:00
87831,70,701,70100,7010002,LDLJFP,G6OB30M4,2019-04-04,2200-01-01 00:00:00
52476,BY,BY1,BY101,BY10100,VZ44WY,KU7Q9EM1,2019-03-28,2200-01-01 00:00:00
76127,AG,AG1,AG101,AG10100,4HJSP5,F87SIC0N,2019-05-01,2200-01-01 00:00:00
11680,ZX,ZX1,ZX100,ZX10004,TJYT3A,8FYENEWM,2019-10-08,2200-01-01 00:00:00
74430,8J,8J1,8J101,8J10100,SHL570,9XGMSC3X,2018-02-19,2019-05-14 00:00:00
30620,GY,GY1,GY102,GY10200,H2OK0Z,3P2I0S6S,2019-07-10,2200-01-01 00:00:00
39031,BJ,BJ1,BJ100,BJ10003,AWD3XQ,28V0149U,2018-10-11,2200-01-01 00:00:00
70687,B0,B01,B0100,B010001,TJYT3A,O0Q22TYD,2019-01-13,2200-01-01 00:00:00
31840,SI,SI1,SI100,SI10000,JSOSD5,8FYENEWM,2019-03-09,2200-01-01 00:00:00
92542,K9,K91,K9100,K910000,VZ44WY,THSTSG81,2019-10-23,2200-01-01 00:00:00
23226,Q5,Q51,Q5100,Q510006,VWHZMG,JXS1Z5D7,2018-07-24,2200-01-01 00:00:00
53677,Z8,Z81,Z8100,Z810000,4HJSP5,THSTSG81,2018-11-17,2200-01-01 00:00:00
78354,ZR,ZR1,ZR100,ZR10000,4HJSP5,J8XKU94W,2019-09-08,2200-01-01 00:00:00
28687,RI,RI1,RI100,RI10000,CHQKSO,5XUYK688,2018-05-14,2200-01-01 00:00:00
75343,M2,M21,M2100,M210000,71SM2O,02Q78ADY,2019-08-08,2200-01-01 00:00:00
43072,AQ,AQ1,AQ100,AQ10000,7I77VL,8FYENEWM,2018-12-23,2200-01-01 00:00:00
41262,B0,B01,B0101,B010105,2CI2A8,G6OB30M4,2018-01-03,2200-01-01 00:00:00
69671,YT,YT1,YT100,YT10000,VZ44WY,THSTSG81,2019-04-10,2200-01-01 00:00:00
92562,8J,8J1,8J100,8J10005,UEYMBB,5QQF7PWJ,2018-06-04,2200-01-01 00:00:00
96910,UA,UA1,UA100,UA10000,B4TA32,484JDFU5,2019-09-01,2200-01-01 00:00:00
46168,EH,EH1,EH100,EH10000,SJP384,9J3MMTSQ,2018-02-28,2200-01-01 00:00:00
70036,Z8,Z81,Z8100,Z810000,UH2WWF,THSTSG81,2018-01-17,2200-01-01 00:00:00
76248,H7,H71,H7101,H710100,GVL335,Z4ZXJ8UY,2018-09-30,2019-07-26 00:00:00
12966,H7,H71,H7100,H710000,SHL570,WKXRWTP7,2018-02-05,2019-01-26 00:00:00
51847,YT,YT1,YT100,YT10003,JSOSD5,38HT8FNL,2019-07-22,2200-01-01 00:00:00
27469,M2,M21,M2102,M210200,7I77VL,H01VAI1S,2019-09-27,2200-01-01 00:00:00
15143,ZX,ZX1,ZX100,ZX10003,B4TA32,UJWSTGEH,2018-08-09,2200-01-01 00:00:00
88818,M2,M21,M2100,M210000,TJYT3A,02Q78ADY,2019-04-25,2019-11-28 00:00:00
87218,BJ,BJ1,BJ100,BJ10000,TJYT3A,2XSAI69H,2019-04-29,2200-01-01 00:00:00
69649,B0,B01,B0100,B010005,LDLJFP,W581KQD3,2019-02-10,2200-01-01 00:00:00
62196,AQ,AQ1,AQ101,AQ10100,JSOSD5,VCZNKWIS,2018-03-29,2200-01-01 00:00:00
14749,70,701,70100,7010000,T9BUA7,02Q78ADY,2018-01-30,2019-11-19 00:00:00
11700,SI,SI1,SI100,SI10000,FI3ASO,8FYENEWM,2019-02-25,2200-01-01 00:00:00
68765,B0,B01,B0100,B010007,JSOSD5,5QQF7PWJ,2019-07-16,2200-01-01 00:00:00
12086,70,701,70102,7010201,SHL570,5QQF7PWJ,2019-09-30,2200-01-01 00:00:00
80167,AQ,AQ1,AQ100,AQ10003,TJYT3A,4WL34OA2,2019-03-20,2200-01-01 00:00:00
38670,LT,LT1,LT102,LT10201,UEYMBB,VMB2NPY2,2019-07-12,2200-01-01 00:00:00
54228,GY,GY1,GY100,GY10000,AO59EQ,4WL34OA2,2019-03-23,2200-01-01 00:00:00
89727,Z8,Z81,Z8100,Z810005,FI3ASO,XF98E5PI,2019-03-20,2200-01-01 00:00:00
87669,BY,BY1,BY100,BY10000,GVL335,5QQF7PWJ,2018-07-02,2200-01-01 00:00:00
53976,MB,MB1,MB100,MB10000,LDLJFP,H01VAI1S,2019-02-28,2200-01-01 00:00:00
35549,BY,BY1,BY100,BY10007,FI3ASO,9J3MMTSQ,2018-02-04,2200-01-01 00:00:00
21691,K9,K91,K9100,K910005,71SM2O,R36KIEMV,2018-06-08,2200-01-01 00:00:00
68193,4W,4W1,4W100,4W10002,VZ44WY,GS4NPH2K,2018-03-25,2019-08-04 00:00:00
15713,EH,EH1,EH100,EH10000,TJYT3A,9J3MMTSQ,2018-02-04,2200-01-01 00:00:00
42524,UA,UA1,UA100,UA10000,7I77VL,484JDFU5,2018-11-25,2200-01-01 00:00:00
69144,SI,SI1,SI102,SI10201,VZ44WY,AXB8H17D,2019-06-23,2200-01-01 00:00:00
99996,AQ,AQ1,AQ100,AQ10005,LDLJFP,4LU3GS87,2018-11-22,2200-01-01 00:00:00
94354,ZR,ZR1,ZR100,ZR10008,7I77VL,W581KQD3,2018-05-04,2200-01-01 00:00:00
38004,Z8,Z81,Z8100,Z810007,71SM2O,G6OB30M4,2019-05-24,2200-01-01 00:00:00
84205,EH,EH1,EH100,EH10002,VZ44WY,AXB8H17D,2019-04-05,2200-01-01 00:00:00
76202,M2,M21,M2100,M210007,TJYT3A,MMC2P4Y3,2019-01-20,2200-01-01 00:00:00
91107,B0,B01,B0100,B010000,FI3ASO,4P277OU8,2018-02-09,2019-06-29 00:00:00
99965,ZR,ZR1,ZR100,ZR10000,GVL335,J8XKU94W,2019-04-07,2019-07-12 00:00:00
83933,FE,FE1,FE102,FE10207,VZ44WY,6VU0IOUP,2019-10-06,2200-01-01 00:00:00
26629,ZR,ZR1,ZR100,ZR10000,JSOSD5,J8XKU94W,2018-01-03,2018-04-11 00:00:00
24848,Z8,Z81,Z8100,Z810002,VWHZMG,UWKPEFCJ,2018-03-09,2200-01-01 00:00:00
43273,AQ,AQ1,AQ102,AQ10201,AO59EQ,3FAIRJ4W,2018-11-21,2200-01-01 00:00:00
44959,AQ,AQ1,AQ100,AQ10003,B4TA32,4WL34OA2,2018-12-20,2200-01-01 00:00:00
24525,XG,XG1,XG100,XG10000,7I77VL,4WL34OA2,2018-08-25,2200-01-01 00:00:00
82663,SI,SI1,SI100,SI10007,SJP384,YZ7ES5HU,2019-05-27,2019-10-10 00:00:00
70501,MB,MB1,MB100,MB10000,VZ44WY,H01VAI1S,2018-06-22,2200-01-01 00:00:00
57340,XG,XG1,XG102,XG10200,UH2WWF,02Q78ADY,2019-05-16,2200-01-01 00:00:00
43341,GY,GY1,GY101,GY10100,AWD3XQ,1F5HYT5P,2018-08-14,2019-05-09 00:00:00
30775,EH,EH1,EH100,EH10000,VWHZMG,9J3MMTSQ,2018-07-03,2200-01-01 00:00:00
10583,UA,UA1,UA102,UA10200,LDLJFP,9XGMSC3X,2019-04-05,2200-01-01 00:00:00
13453,H7,H71,H7100,H710001,AO59EQ,20SL2XLU,2018-04-05,2200-01-01 00:00:00
12600,UA,UA1,UA101,UA10100,2CI2A8,H0PQ4U24,2019-10-27,2200-01-01 00:00:00
85249,UA,UA1,UA100,UA10000,2CI2A8,484JDFU5,2018-11-23,2200-01-01 00:00:00
62993,M2,M21,M2101,M210100,BLW9FG,5QQF7PWJ,2018-06-28,2200-01-01 00:00:00
67941,SI,SI1,SI100,SI10000,T9BUA7,8FYENEWM,2018-07-27,2200-01-01 00:00:00
42991,H7,H71,H7100,H710000,71SM2O,WKXRWTP7,2019-05-26,2200-01-01 00:00:00
87264,BJ,BJ1,BJ100,BJ10000,4HJSP5,2XSAI69H,2018-07-08,2019-06-16 00:00:00
74182,M2,M21,M2100,M210002,4O4WSH,4LU3GS87,2019-03-09,2200-01-01 00:00:00
72165,K9,K91,K9100,K910000,TJYT3A,THSTSG81,2018-06-02,2200-01-01 00:00:00
50673,6L,6L1,6L100,6L10000,SHL570,Q6NGRHUA,2019-04-09,2200-01-01 00:00:00
39474,ZR,ZR1,ZR102,ZR10206,3GFIMK,R36KIEMV,2018-11-06,2200-01-01 00:00:00
43454,8J,8J1,8J102,8J10200,TJYT3A,8TMVJREA,2018-06-14,2200-01-01 00:00:00
87520,6L,6L1,6L100,6L10007,TJYT3A,5XUYK688,2019-05-11,2200-01-01 00:00:00
70400,70,701,70100,7010000,4O4WSH,02Q78ADY,2018-06-24,2200-01-01 00:00:00
68122,GY,GY1,GY101,GY10100,AWD3XQ,1F5HYT5P,2018-09-20,2200-01-01 00:00:00
67103,ZR,ZR1,ZR100,ZR10000,SJP384,J8XKU94W,2018-11-05,2200-01-01 00:00:00
32593,XG,XG1,XG100,XG10000,JSOSD5,4WL34OA2,2018-08-22,2200-01-01 00:00:00
62526,GY,GY1,GY100,GY10006,3GFIMK,Q6NGRHUA,2018-11-30,2200-01-01 00:00:00
21873,4W,4W1,4W101,4W10100,H2OK0Z,28V0149U,2018-03-05,2200-01-01 00:00:00
40005,BY,BY1,BY101,BY10100,TJYT3A,KU7Q9EM1,2019-07-06,2200-01-01 00:00:00
99266,8J,8J1,8J100,8J10005,3GFIMK,5QQF7PWJ,2018-10-07,2200-01-01 00:00:00
16588,UA,UA1,UA100,UA10000,SHL570,484JDFU5,2018-01-04,2019-09-12 00:00:00
41955,RI,RI1,RI101,RI10107,UH2WWF,79VL731U,2019-04-14,2200-01-01 00:00:00
98842,UA,UA1,UA100,UA10002,BLW9FG,WKXRWTP7,2018-06-10,2200-01-01 00:00:00
86491,M2,M21,M2101,M210100,T9BUA7,5QQF7PWJ,2018-04-30,2200-01-01 00:00:00
35665,LT,LT1,LT102,LT10200,B4TA32,UEKGPFHF,2018-01-24,2200-01-01 00:00:00
13155,6L,6L1,6L102,6L10200,SHL570,3P2I0S6S,2019-06-18,2200-01-01 00:00:00
46933,SI,SI1,SI100,SI10000,7I77VL,8FYENEWM,2019-06-07,2200-01-01 00:00:00
29438,XG,XG1,XG100,XG10002,SHL570,38HT8FNL,2019-07-20,2200-01-01 00:00:00
20038,4W,4W1,4W100,4W10000,UEYMBB,O0Q22TYD,2018-06-11,2018-09-29 00:00:00
56612,MB,MB1,MB100,MB10000,CHQKSO,H01VAI1S,2019-01-13,2200-01-01 00:00:00
76245,YT,YT1,YT100,YT10006,3GFIMK,Q6NGRHUA,2019-07-04,2200-01-01 00:00:00
56082,SI,SI1,SI100,SI10000,TJYT3A,8FYENEWM,2019-07-21,2200-01-01 00:00:00
82748,GY,GY1,GY102,GY10206,UEYMBB,H0PQ4U24,2018-07-24,2200-01-01 00:00:00
53211,G9,G91,G9100,G910004,VWHZMG,VCZNKWIS,2018-11-24,2200-01-01 00:00:00
68494,EH,EH1,EH100,EH10004,SHL570,G6OB30M4,2018-04-30,2019-12-21 00:00:00
39147,LT,LT1,LT100,LT10007,VWHZMG,8TMVJREA,2019-07-09,2200-01-01 00:00:00
92112,K9,K91,K9100,K910008,VZ44WY,Z4ZXJ8UY,2018-04-20,2019-10-30 00:00:00
85450,AQ,AQ1,AQ100,AQ10000,JSOSD5,8FYENEWM,2018-03-05,2018-06-05 00:00:00
36724,UA,UA1,UA100,UA10000,SHL570,484JDFU5,2019-08-02,2200-01-01 00:00:00
46640,4W,4W1,4W100,4W10000,VZ44WY,O0Q22TYD,2018-10-28,2200-01-01 00:00:00
75531,UA,UA1,UA100,UA10000,VWHZMG,484JDFU5,2019-07-17,2200-01-01 00:00:00
82947,ZX,ZX1,ZX102,ZX10208,TJYT3A,3FAIRJ4W,2018-09-26,2200-01-01 00:00:00
23497,ZR,ZR1,ZR100,ZR10004,AWD3XQ,8TMVJREA,2018-05-14,2200-01-01 00:00:00
46181,M2,M21,M2101,M210105,BLW9FG,5QQF7PWJ,2018-10-13,2200-01-01 00:00:00
16826,AG,AG1,AG101,AG10100,AWD3XQ,F87SIC0N,2019-07-24,2200-01-01 00:00:00
26541,YT,YT1,YT102,YT10201,VZ44WY,JK4UKBI2,2019-04-21,2200-01-01 00:00:00
49635,BY,BY1,BY100,BY10000,AO59EQ,5QQF7PWJ,2018-01-11,2200-01-01 00:00:00
65324,MB,MB1,MB100,MB10000,7I77VL,H01VAI1S,2019-02-20,2200-01-01 00:00:00
26159,AG,AG1,AG102,AG10206,SJP384,O0Q22TYD,2018-02-15,2018-04-22 00:00:00
59277,15,151,15100,1510000,4O4WSH,4LU3GS87,2018-11-30,2019-08-24 00:00:00
21231,ZR,ZR1,ZR102,ZR10200,71SM2O,8TMVJREA,2019-04-09,2200-01-01 00:00:00
94535,6L,6L1,6L100,6L10000,AWD3XQ,Q6NGRHUA,2019-02-09,2200-01-01 00:00:00
78624,70,701,70100,7010001,GVL335,JXS1Z5D7,2018-06-01,2200-01-01 00:00:00
38958,BJ,BJ1,BJ100,BJ10000,AWD3XQ,2XSAI69H,2019-09-15,2200-01-01 00:00:00
26936,EH,EH1,EH102,EH10200,UEYMBB,Z4ZXJ8UY,2019-03-05,2200-01-01 00:00:00
50388,GY,GY1,GY100,GY10000,BLW9FG,4WL34OA2,2019-05-02,2200-01-01 00:00:00
59524,6L,6L1,6L101,6L10105,H2OK0Z,72PNE8FJ,2019-06-27,2200-01-01 00:00:00
32288,EH,EH1,EH100,EH10000,AWD3XQ,9J3MMTSQ,2018-06-08,2200-01-01 00:00:00
52128,MB,MB1,MB100,MB10004,SHL570,O8WJHL4Q,2019-09-28,2200-01-01 00:00:00
29297,Q5,Q51,Q5101,Q510100,7I77VL,5IEJMU4O,2019-07-12,2200-01-01 00:00:00
53278,ZR,ZR1,ZR100,ZR10008,UH2WWF,W581KQD3,2019-04-19,2200-01-01 00:00:00
23543,BJ,BJ1,BJ100,BJ10000,3GFIMK,2XSAI69H,2019-07-06,2200-01-01 00:00:00
78070,LT,LT1,LT101,LT10103,FI3ASO,1F5HYT5P,2018-07-17,2200-01-01 00:00:00
49321,Q5,Q51,Q5101,Q510106,FI3ASO,8FYENEWM,2018-08-12,2200-01-01 00:00:00
42231,G9,G91,G9100,G910000,T9BUA7,MMC2P4Y3,2018-10-11,2200-01-01 00:00:00
61028,BY,BY1,BY100,BY10001,UEYMBB,Z7FUX49S,2018-09-27,2200-01-01 00:00:00
95683,ZX,ZX1,ZX100,ZX10000,4O4WSH,8FYENEWM,2018-09-08,2200-01-01 00:00:00
28621,FE,FE1,FE100,FE10005,SHL570,UWKPEFCJ,2019-09-29,2200-01-01 00:00:00
28770,XG,XG1,XG100,XG10000,BLW9FG,4WL34OA2,2019-07-27,2200-01-01 00:00:00
53815,BJ,BJ1,BJ100,BJ10000,TJYT3A,2XSAI69H,2018-05-23,2200-01-01 00:00:00
33086,G9,G91,G9100,G910000,FI3ASO,MMC2P4Y3,2019-04-26,2200-01-01 00:00:00
48446,6L,6L1,6L101,6L10100,7I77VL,VMB2NPY2,2019-10-03,2200-01-01 00:00:00
43198,SI,SI1,SI100,SI10000,7I77VL,8FYENEWM,2018-07-18,2200-01-01 00:00:00
58411,UA,UA1,UA102,UA10200,4O4WSH,9XGMSC3X,2018-11-21,2200-01-01 00:00:00
70779,GV,GV1,GV100,GV10008,AO59EQ,4LU3GS87,2019-01-26,2200-01-01 00:00:00
54799,UA,UA1,UA100,UA10008,BLW9FG,LNOTDGF7,2019-09-24,2200-01-01 00:00:00
69577,YT,YT1,YT100,YT10000,UEYMBB,THSTSG81,2019-08-22,2200-01-01 00:00:00
41007,K9,K91,K9100,K910007,CHQKSO,6VU0IOUP,2019-01-06,2200-01-01 00:00:00
21781,MB,MB1,MB100,MB10008,SJP384,79VL731U,2018-04-10,2019-05-21 00:00:00
25121,AG,AG1,AG100,AG10008,7I77VL,3P2I0S6S,2018-07-02,2200-01-01 00:00:00
78547,4W,4W1,4W100,4W10007,TJYT3A,02Q78ADY,2019-02-21,2200-01-01 00:00:00
44587,6L,6L1,6L101,6L10107,T9BUA7,FJMH9IG1,2019-08-23,2200-01-01 00:00:00
11179,M2,M21,M2101,M210108,UH2WWF,Z7FUX49S,2018-10-24,2200-01-01 00:00:00
83340,Q5,Q51,Q5101,Q510100,AO59EQ,5IEJMU4O,2019-04-21,2019-08-04 00:00:00
77540,GV,GV1,GV100,GV10002,T9BUA7,02Q78ADY,2018-02-10,2200-01-01 00:00:00
13197,GV,GV1,GV100,GV10000,BLW9FG,5IEJMU4O,2019-01-09,2019-12-11 00:00:00
55016,GY,GY1,GY100,GY10007,SJP384,25T5WNRI,2019-06-26,2200-01-01 00:00:00
63273,H7,H71,H7100,H710001,VZ44WY,20SL2XLU,2018-12-25,2200-01-01 00:00:00
97493,G9,G91,G9100,G910000,BLW9FG,MMC2P4Y3,2018-11-10,2200-01-01 00:00:00
68421,GY,GY1,GY100,GY10000,JSOSD5,4WL34OA2,2018-03-14,2200-01-01 00:00:00
98346,YT,YT1,YT100,YT10000,SJP384,THSTSG81,2018-12-08,2200-01-01 00:00:00
74578,UA,UA1,UA100,UA10000,UEYMBB,484JDFU5,2018-09-09,2200-01-01 00:00:00
33139,BY,BY1,BY102,BY10200,T9BUA7,72PNE8FJ,2018-02-23,2019-07-13 00:00:00
17937,15,151,15101,1510103,3GFIMK,KU7Q9EM1,2019-10-29,2200-01-01 00:00:00
89648,FE,FE1,FE100,FE10003,UH2WWF,UWKPEFCJ,2018-04-15,2200-01-01 00:00:00
27070,GY,GY1,GY100,GY10000,T9BUA7,4WL34OA2,2018-12-02,2200-01-01 00:00:00
56144,AQ,AQ1,AQ102,AQ10208,VZ44WY,72PNE8FJ,2019-09-16,2200-01-01 00:00:00
57874,B0,B01,B0101,B010100,71SM2O,2XSAI69H,2018-12-28,2200-01-01 00:00:00
77688,H7,H71,H7100,H710003,H2OK0Z,XF98E5PI,2019-05-01,2019-07-31 00:00:00
31078,GY,GY1,GY100,GY10000,B4TA32,4WL34OA2,2018-10-15,2019-08-13 00:00:00
51114,RI,RI1,RI100,RI10000,BLW9FG,5XUYK688,2019-03-26,2200-01-01 00:00:00
28423,GV,GV1,GV100,GV10005,T9BUA7,38HT8FNL,2018-05-01,2200-01-01 00:00:00
27720,M2,M21,M2100,M210006,AWD3XQ,79VL731U,2019-04-21,2019-12-30 00:00:00
17831,GY,GY1,GY100,GY10007,2CI2A8,25T5WNRI,2019-01-14,2200-01-01 00:00:00
73146,BY,BY1,BY100,BY10003,3GFIMK,O8WJHL4Q,2018-05-31,2200-01-01 00:00:00
68092,8J,8J1,8J102,8J10200,AO59EQ,8TMVJREA,2018-09-20,2200-01-01 00:00:00
82307,YT,YT1,YT100,YT10007,AO59EQ,1F5HYT5P,2019-01-13,2019-09-10 00:00:00
54633,RI,RI1,RI101,RI10100,UH2WWF,Z4ZXJ8UY,2018-06-10,2200-01-01 00:00:00
54918,8J,8J1,8J102,8J10200,B4TA32,8TMVJREA,2018-03-07,2200-01-01 00:00:00
51979,70,701,70102,7010205,B4TA32,O8WJHL4Q,2018-03-31,2019-04-04 00:00:00
81681,B0,B01,B0100,B010002,LDLJFP,5IEJMU4O,2018-08-25,2200-01-01 00:00:00
48759,Z8,Z81,Z8100,Z810000,GVL335,THSTSG81,2018-01-26,2200-01-01 00:00:00
65318,Q5,Q51,Q5101,Q510100,CHQKSO,5IEJMU4O,2019-01-19,2200-01-01 00:00:00
97659,B1,B11,B1100,B110000,B4TA32,HDHOCYPD,2019-04-05,2200-01-01 00:00:00
43996,Z8,Z81,Z8102,Z810200,TJYT3A,O0Q22TYD,2018-09-16,2200-01-01 00:00:00
55025,Z8,Z81,Z8101,Z810103,H2OK0Z,25T5WNRI,2019-02-02,2200-01-01 00:00:00
98008,M2,M21,M2100,M210000,AO59EQ,02Q78ADY,2019-06-18,2019-12-21 00:00:00
44737,EH,EH1,EH102,EH10200,4O4WSH,Z4ZXJ8UY,2018-06-13,2200-01-01 00:00:00
82522,LT,LT1,LT100,LT10007,JSOSD5,8TMVJREA,2018-04-04,2019-08-25 00:00:00
63603,4W,4W1,4W101,4W10106,SJP384,4P277OU8,2018-01-16,2200-01-01 00:00:00
91715,GV,GV1,GV101,GV10104,UEYMBB,52JETVXH,2019-10-20,2200-01-01 00:00:00
50101,70,701,70100,7010000,4HJSP5,02Q78ADY,2018-06-09,2200-01-01 00:00:00
46366,ZX,ZX1,ZX100,ZX10008,SHL570,R36KIEMV,2019-03-08,2200-01-01 00:00:00
67728,YT,YT1,YT102,YT10200,LDLJFP,J8XKU94W,2018-09-03,2200-01-01 00:00:00
90440,AQ,AQ1,AQ101,AQ10100,FI3ASO,VCZNKWIS,2019-01-12,2200-01-01 00:00:00
70252,15,151,15100,1510001,2CI2A8,UEKGPFHF,2018-03-02,2200-01-01 00:00:00
81864,B0,B01,B0100,B010000,H2OK0Z,4P277OU8,2019-10-20,2200-01-01 00:00:00
16700,B1,B11,B1101,B110100,3GFIMK,YTE7JS4H,2018-10-11,2200-01-01 00:00:00
86211,BY,BY1,BY100,BY10000,VZ44WY,5QQF7PWJ,2019-09-19,2200-01-01 00:00:00
15850,M2,M21,M2100,M210000,GVL335,02Q78ADY,2018-02-09,2200-01-01 00:00:00
29156,M2,M21,M2100,M210000,AO59EQ,02Q78ADY,2018-11-24,2200-01-01 00:00:00
56722,H7,H71,H7100,H710003,SHL570,XF98E5PI,2018-06-23,2200-01-01 00:00:00
72432,YT,YT1,YT100,YT10000,B4TA32,THSTSG81,2019-01-26,2200-01-01 00:00:00
50902,M2,M21,M2101,M210100,7I77VL,5QQF7PWJ,2018-04-20,2019-05-22 00:00:00
60416,XG,XG1,XG100,XG10006,AWD3XQ,Q6NGRHUA,2018-02-21,2200-01-01 00:00:00
74286,UA,UA1,UA100,UA10000,UEYMBB,484JDFU5,2018-10-31,2200-01-01 00:00:00
66455,FE,FE1,FE100,FE10003,LDLJFP,UWKPEFCJ,2018-02-11,2200-01-01 00:00:00
33110,8J,8J1,8J101,8J10100,FI3ASO,9XGMSC3X,2019-02-04,2200-01-01 00:00:00
11838,UA,UA1,UA100,UA10000,SJP384,484JDFU5,2018-07-05,2200-01-01 00:00:00
65119,M2,M21,M2101,M210100,FI3ASO,5QQF7PWJ,2018-03-04,2200-01-01 00:00:00
88248,MB,MB1,MB100,MB10006,B4TA32,HDHOCYPD,2019-01-18,2200-01-01 00:00:00
78355,4W,4W1,4W100,4W10002,7I77VL,GS4NPH2K,2019-05-01,2200-01-01 00:00:00
87102,YT,YT1,YT102,YT10207,VWHZMG,74CKJ9XQ,2018-07-02,2019-07-21 00:00:00
43034,B0,B01,B0102,B010200,UEYMBB,MMC2P4Y3,2018-03-20,2019-09-01 00:00:00
35995,K9,K91,K9100,K910000,GVL335,THSTSG81,2019-08-28,2200-01-01 00:00:00
59877,YT,YT1,YT102,YT10200,H2OK0Z,J8XKU94W,2018-04-01,2200-01-01 00:00:00
78953,EH,EH1,EH101,EH10100,LDLJFP,UWKPEFCJ,2018-09-18,2200-01-01 00:00:00
86541,SI,SI1,SI100,SI10000,UH2WWF,8FYENEWM,2018-10-22,2200-01-01 00:00:00
20301,H7,H71,H7102,H710206,BLW9FG,4LU3GS87,2018-11-12,2019-10-18 00:00:00
76272,H7,H71,H7100,H710001,FI3ASO,20SL2XLU,2018-02-25,2200-01-01 00:00:00
83587,15,151,15102,1510200,AWD3XQ,38HT8FNL,2018-09-02,2200-01-01 00:00:00
23502,M2,M21,M2102,M210203,T9BUA7,M2LFH9WE,2019-07-10,2200-01-01 00:00:00
57561,15,151,15100,1510002,SHL570,79VL731U,2018-02-10,2019-10-28 00:00:00
43139,B0,B01,B0102,B010205,T9BUA7,8FYENEWM,2019-01-15,2200-01-01 00:00:00
21742,AQ,AQ1,AQ100,AQ10005,GVL335,4LU3GS87,2018-05-31,2200-01-01 00:00:00
57706,XG,XG1,XG100,XG10000,CHQKSO,4WL34OA2,2019-02-02,2200-01-01 00:00:00
19707,BJ,BJ1,BJ100,BJ10000,T9BUA7,2XSAI69H,2019-03-31,2200-01-01 00:00:00
19050,FE,FE1,FE101,FE10101,4HJSP5,8TMVJREA,2018-09-29,2200-01-01 00:00:00
74253,Z8,Z80,Z8000,Z800004,SJP384,4P277OU8,2019-06-21,2200-01-01 00:00:00
31327,ZR,ZR1,ZR100,ZR10000,2CI2A8,J8XKU94W,2018-06-17,2200-01-01 00:00:00
85473,BJ,BJ1,BJ100,BJ10000,VWHZMG,2XSAI69H,2019-01-05,2200-01-01 00:00:00
72726,EH,EH1,EH100,EH10000,4O4WSH,9J3MMTSQ,2019-01-10,2200-01-01 00:00:00
97892,8J,8J1,8J100,8J10002,71SM2O,8TMVJREA,2018-03-14,2200-01-01 00:00:00
89833,Q5,Q51,Q5100,Q510004,CHQKSO,25T5WNRI,2019-01-27,2200-01-01 00:00:00
40890,YT,YT1,YT100,YT10000,4HJSP5,THSTSG81,2018-04-15,2200-01-01 00:00:00
70022,XG,XG1,XG100,XG10001,4HJSP5,W581KQD3,2018-10-14,2019-02-02 00:00:00
49054,YT,YT1,YT100,YT10008,VWHZMG,72PNE8FJ,2018-09-22,2200-01-01 00:00:00
27513,4W,4W1,4W101,4W10100,LDLJFP,28V0149U,2018-02-20,2019-10-30 00:00:00
90247,H7,H71,H7101,H710100,TJYT3A,Z4ZXJ8UY,2018-08-15,2200-01-01 00:00:00
12631,AQ,AQ1,AQ100,AQ10000,SHL570,8FYENEWM,2019-06-21,2200-01-01 00:00:00
31829,GY,GY1,GY100,GY10000,VWHZMG,4WL34OA2,2018-09-16,2019-07-02 00:00:00
72021,ZX,ZX1,ZX100,ZX10003,T9BUA7,UJWSTGEH,2019-06-30,2200-01-01 00:00:00
39483,UA,UA1,UA101,UA10100,CHQKSO,H0PQ4U24,2019-10-30,2200-01-01 00:00:00
73677,FE,FE1,FE100,FE10003,GVL335,UWKPEFCJ,2019-06-19,2200-01-01 00:00:00
10121,B1,B11,B1100,B110003,CHQKSO,YZ7ES5HU,2019-10-11,2200-01-01 00:00:00
81955,RI,RI1,RI100,RI10003,71SM2O,20SL2XLU,2018-07-05,2200-01-01 00:00:00
96534,MB,MB1,MB100,MB10006,UH2WWF,HDHOCYPD,2018-11-10,2200-01-01 00:00:00
46787,GV,GV1,GV100,GV10000,VWHZMG,5IEJMU4O,2018-07-08,2200-01-01 00:00:00
87756,MB,MB1,MB100,MB10000,4O4WSH,H01VAI1S,2019-07-15,2200-01-01 00:00:00
37657,B1,B11,B1100,B110000,4HJSP5,HDHOCYPD,2018-02-14,2200-01-01 00:00:00
27051,4W,4W1,4W102,4W10200,H2OK0Z,N2CAIPJF,2018-02-28,2200-01-01 00:00:00
88094,XG,XG1,XG100,XG10006,LDLJFP,Q6NGRHUA,2019-03-26,2200-01-01 00:00:00
22787,BY,BY1,BY100,BY10000,JSOSD5,5QQF7PWJ,2018-04-07,2019-05-04 00:00:00
23515,AG,AG1,AG100,AG10000,4HJSP5,9XGMSC3X,2018-02-10,2018-03-25 00:00:00
13859,Q5,Q51,Q5100,Q510000,4HJSP5,Z7FUX49S,2019-10-07,2200-01-01 00:00:00
64433,GY,GY1,GY100,GY10000,7I77VL,4WL34OA2,2018-06-19,2200-01-01 00:00:00
71773,Q5,Q51,Q5100,Q510000,H2OK0Z,Z7FUX49S,2019-06-14,2200-01-01 00:00:00
38950,GY,GY1,GY101,GY10103,B4TA32,4LU3GS87,2019-09-05,2200-01-01 00:00:00
51053,K9,K91,K9102,K910200,H2OK0Z,3P2I0S6S,2018-02-22,2200-01-01 00:00:00
43619,SI,SI1,SI100,SI10003,T9BUA7,JK4UKBI2,2018-11-09,2200-01-01 00:00:00
95369,XG,XG1,XG100,XG10001,VWHZMG,W581KQD3,2019-10-08,2200-01-01 00:00:00
34614,FE,FE1,FE102,FE10208,B4TA32,FJMH9IG1,2019-03-29,2200-01-01 00:00:00
79425,UA,UA1,UA100,UA10006,AO59EQ,8QJHUA65,2018-07-29,2200-01-01 00:00:00
11582,H7,H71,H7102,H710207,LDLJFP,5QQF7PWJ,2018-01-26,2200-01-01 00:00:00
26677,EH,EH1,EH101,EH10100,4HJSP5,UWKPEFCJ,2019-06-12,2200-01-01 00:00:00
19516,70,701,70100,7010000,VWHZMG,02Q78ADY,2019-04-11,2200-01-01 00:00:00
31103,15,151,15100,1510000,T9BUA7,4LU3GS87,2018-04-04,2200-01-01 00:00:00
11659,6L,6L1,6L100,6L10000,7I77VL,Q6NGRHUA,2018-03-14,2018-04-23 00:00:00
25418,AQ,AQ1,AQ102,AQ10200,7I77VL,MMC2P4Y3,2018-12-04,2200-01-01 00:00:00
49363,BY,BY1,BY102,BY10203,SJP384,1VPSWMTF,2019-05-08,2200-01-01 00:00:00
75096,AG,AG1,AG100,AG10003,VZ44WY,FJMH9IG1,2019-07-13,2200-01-01 00:00:00
81603,XG,XG1,XG101,XG10105,VZ44WY,YZ7ES5HU,2019-05-26,2200-01-01 00:00:00
84724,YT,YT1,YT100,YT10000,BLW9FG,THSTSG81,2019-03-11,2019-12-30 00:00:00
38683,Q5,Q51,Q5100,Q510000,AO59EQ,Z7FUX49S,2019-02-08,2200-01-01 00:00:00
72783,M2,M21,M2102,M210202,7I77VL,UEKGPFHF,2018-06-22,2018-08-18 00:00:00
76607,YT,YT1,YT100,YT10004,AO59EQ,38HT8FNL,2019-10-30,2200-01-01 00:00:00
94895,4W,4W1,4W102,4W10205,7I77VL,O8WJHL4Q,2019-04-12,2200-01-01 00:00:00
69694,LT,LT1,LT100,LT10001,2CI2A8,3P2I0S6S,2019-04-13,2200-01-01 00:00:00
49957,ZR,ZR1,ZR100,ZR10001,GVL335,9XGMSC3X,2019-10-16,2200-01-01 00:00:00
75982,B1,B11,B1100,B110000,4O4WSH,HDHOCYPD,2019-09-08,2200-01-01 00:00:00
97082,RI,RI1,RI100,RI10003,B4TA32,20SL2XLU,2018-01-13,2200-01-01 00:00:00
47613,6L,6L1,6L100,6L10000,TJYT3A,Q6NGRHUA,2019-03-12,2200-01-01 00:00:00
99974,Q5,Q51,Q5100,Q510001,UEYMBB,9J3MMTSQ,2019-09-27,2200-01-01 00:00:00
59010,4W,4W1,4W100,4W10000,TJYT3A,O0Q22TYD,2018-11-14,2200-01-01 00:00:00
66695,UA,UA1,UA100,UA10006,T9BUA7,8QJHUA65,2018-10-03,2200-01-01 00:00:00
15475,ZR,ZR1,ZR100,ZR10000,VZ44WY,J8XKU94W,2018-04-23,2200-01-01 00:00:00
28960,ZR,ZR1,ZR101,ZR10100,B4TA32,1VPSWMTF,2019-08-11,2019-10-17 00:00:00
44694,MB,MB1,MB100,MB10001,BLW9FG,AXB8H17D,2018-12-23,2019-04-21 00:00:00
66973,ZR,ZR1,ZR101,ZR10106,AWD3XQ,Q6NGRHUA,2018-05-21,2018-09-29 00:00:00
43023,70,701,70100,7010000,VWHZMG,02Q78ADY,2018-02-06,2200-01-01 00:00:00
13331,AQ,AQ1,AQ100,AQ10000,AO59EQ,8FYENEWM,2019-10-15,2200-01-01 00:00:00
93494,GV,GV1,GV100,GV10000,UH2WWF,5IEJMU4O,2018-11-04,2200-01-01 00:00:00
88673,AQ,AQ1,AQ100,AQ10000,3GFIMK,8FYENEWM,2018-08-31,2200-01-01 00:00:00
68176,GY,GY1,GY100,GY10000,T9BUA7,4WL34OA2,2018-01-25,2019-08-19 00:00:00
13316,UA,UA1,UA100,UA10000,SHL570,484JDFU5,2018-11-05,2019-12-29 00:00:00
74010,ZR,ZR1,ZR100,ZR10004,VZ44WY,8TMVJREA,2018-02-14,2019-06-09 00:00:00
73555,H7,H71,H7100,H710003,JSOSD5,XF98E5PI,2018-10-04,2200-01-01 00:00:00
64404,Q5,Q51,Q5102,Q510202,AWD3XQ,H0PQ4U24,2018-10-21,2200-01-01 00:00:00
71570,B1,B11,B1101,B110100,3GFIMK,YTE7JS4H,2019-07-01,2200-01-01 00:00:00
88404,M2,M21,M2100,M210004,AO59EQ,4WL34OA2,2019-10-19,2200-01-01 00:00:00
67449,EH,EH1,EH102,EH10200,GVL335,Z4ZXJ8UY,2019-04-03,2019-09-19 00:00:00
69741,GV,GV1,GV102,GV10200,7I77VL,W581KQD3,2019-03-19,2200-01-01 00:00:00
87488,BY,BY1,BY101,BY10100,VWHZMG,KU7Q9EM1,2019-10-31,2200-01-01 00:00:00
10887,6L,6L1,6L100,6L10000,JSOSD5,Q6NGRHUA,2018-04-18,2200-01-01 00:00:00
29179,H7,H71,H7101,H710103,UH2WWF,8TMVJREA,2018-05-09,2019-11-20 00:00:00
11848,AQ,AQ1,AQ102,AQ10200,T9BUA7,MMC2P4Y3,2018-10-30,2200-01-01 00:00:00
76833,AG,AG1,AG100,AG10000,UH2WWF,9XGMSC3X,2018-05-06,2018-06-21 00:00:00
82253,GV,GV1,GV100,GV10002,CHQKSO,02Q78ADY,2019-09-08,2200-01-01 00:00:00
24595,M2,M21,M2101,M210100,VWHZMG,5QQF7PWJ,2019-09-28,2200-01-01 00:00:00
89503,XG,XG1,XG102,XG10201,71SM2O,20SL2XLU,2018-12-09,2200-01-01 00:00:00
59440,70,701,70102,7010206,SHL570,6VU0IOUP,2018-05-28,2019-04-18 00:00:00
11318,4W,4W1,4W102,4W10201,GVL335,UEKGPFHF,2018-01-31,2200-01-01 00:00:00
31343,H7,H71,H7100,H710000,JSOSD5,WKXRWTP7,2019-02-22,2200-01-01 00:00:00
71298,MB,MB1,MB100,MB10001,AO59EQ,AXB8H17D,2018-10-05,2019-03-07 00:00:00
74805,G9,G91,G9101,G910100,H2OK0Z,UEKGPFHF,2018-10-18,2200-01-01 00:00:00
15212,GY,GY1,GY100,GY10006,JSOSD5,Q6NGRHUA,2018-04-24,2200-01-01 00:00:00
53325,B0,B01,B0102,B010200,AWD3XQ,MMC2P4Y3,2019-06-23,2200-01-01 00:00:00
97863,GY,GY1,GY100,GY10007,GVL335,25T5WNRI,2019-02-22,2200-01-01 00:00:00
51854,UA,UA1,UA100,UA10000,TJYT3A,484JDFU5,2019-03-12,2200-01-01 00:00:00
53332,AQ,AQ1,AQ100,AQ10000,AWD3XQ,8FYENEWM,2018-05-12,2019-10-03 00:00:00
73779,6L,6L1,6L100,6L10000,T9BUA7,Q6NGRHUA,2019-03-22,2200-01-01 00:00:00
33612,UA,UA1,UA100,UA10000,2CI2A8,484JDFU5,2019-09-25,2200-01-01 00:00:00
80744,AG,AG1,AG100,AG10005,FI3ASO,H01VAI1S,2019-01-31,2200-01-01 00:00:00
44011,AG,AG1,AG100,AG10000,CHQKSO,9XGMSC3X,2018-12-03,2200-01-01 00:00:00
26198,GV,GV1,GV100,GV10000,3GFIMK,5IEJMU4O,2018-06-29,2019-06-21 00:00:00
76011,YT,YT1,YT100,YT10008,GVL335,72PNE8FJ,2019-03-25,2200-01-01 00:00:00
68146,H7,H71,H7100,H710000,B4TA32,WKXRWTP7,2018-12-24,2200-01-01 00:00:00
93384,GY,GY1,GY100,GY10000,4O4WSH,4WL34OA2,2018-09-18,2200-01-01 00:00:00
42321,GY,GY1,GY100,GY10000,VWHZMG,4WL34OA2,2019-08-22,2200-01-01 00:00:00
43848,MB,MB1,MB100,MB10000,T9BUA7,H01VAI1S,2019-09-06,2200-01-01 00:00:00
27071,YT,YT1,YT100,YT10003,71SM2O,38HT8FNL,2019-01-29,2200-01-01 00:00:00
37421,6L,6L1,6L100,6L10008,7I77VL,3P2I0S6S,2018-10-21,2200-01-01 00:00:00
14860,UA,UA1,UA101,UA10105,SJP384,SKXXW8V9,2018-06-26,2200-01-01 00:00:00
52111,LT,LT1,LT102,LT10205,LDLJFP,5XUYK688,2018-12-21,2200-01-01 00:00:00
23198,G9,G91,G9102,G910201,4O4WSH,THSTSG81,2019-07-12,2200-01-01 00:00:00
73306,ZR,ZR1,ZR100,ZR10000,CHQKSO,J8XKU94W,2019-06-18,2019-07-27 00:00:00
45749,AQ,AQ1,AQ100,AQ10000,7I77VL,8FYENEWM,2019-01-10,2200-01-01 00:00:00
15057,AQ,AQ1,AQ100,AQ10004,3GFIMK,74CKJ9XQ,2019-03-14,2200-01-01 00:00:00
25684,B1,B11,B1100,B110000,CHQKSO,HDHOCYPD,2018-04-19,2200-01-01 00:00:00
44626,UA,UA1,UA101,UA10103,LDLJFP,W581KQD3,2018-12-11,2019-12-15 00:00:00
70825,RI,RI1,RI100,RI10004,T9BUA7,UJWSTGEH,2019-04-01,2200-01-01 00:00:00
24626,G9,G91,G9102,G910202,B4TA32,79VL731U,2018-10-20,2200-01-01 00:00:00
80765,ZX,ZX1,ZX100,ZX10003,T9BUA7,UJWSTGEH,2019-05-20,2200-01-01 00:00:00
16805,ZR,ZR1,ZR100,ZR10005,CHQKSO,1F5HYT5P,2018-08-15,2200-01-01 00:00:00
93049,XG,XG1,XG100,XG10001,SJP384,W581KQD3,2019-08-14,2200-01-01 00:00:00
25901,BY,BY1,BY100,BY10000,CHQKSO,5QQF7PWJ,2018-02-13,2200-01-01 00:00:00
68748,BJ,BJ1,BJ101,BJ10100,H2OK0Z,1F5HYT5P,2018-08-30,2200-01-01 00:00:00
92982,Z8,Z81,Z8100,Z810000,71SM2O,THSTSG81,2018-06-03,2200-01-01 00:00:00
47855,70,701,70101,7010101,UH2WWF,9J3MMTSQ,2019-02-26,2200-01-01 00:00:00
15185,4W,4W1,4W101,4W10100,AO59EQ,28V0149U,2019-01-19,2200-01-01 00:00:00
15806,M2,M21,M2102,M210207,CHQKSO,8FYENEWM,2018-10-17,2200-01-01 00:00:00
56505,ZX,ZX1,ZX100,ZX10000,BLW9FG,8FYENEWM,2018-08-08,2018-11-12 00:00:00
17776,AQ,AQ1,AQ100,AQ10000,3GFIMK,8FYENEWM,2018-11-01,2200-01-01 00:00:00
95920,RI,RI1,RI100,RI10000,4O4WSH,5XUYK688,2019-03-02,2200-01-01 00:00:00
38156,BJ,BJ1,BJ102,BJ10200,SHL570,9J3MMTSQ,2018-07-06,2200-01-01 00:00:00
73673,K9,K91,K9102,K910201,2CI2A8,LNOTDGF7,2018-04-04,2019-01-11 00:00:00
85938,Q5,Q51,Q5100,Q510000,VZ44WY,Z7FUX49S,2018-06-05,2200-01-01 00:00:00
26396,Z8,Z81,Z8100,Z810008,LDLJFP,M2LFH9WE,2019-03-26,2200-01-01 00:00:00
87936,AQ,AQ1,AQ100,AQ10007,AO59EQ,MMC2P4Y3,2019-09-29,2200-01-01 00:00:00
97156,RI,RI1,RI100,RI10000,H2OK0Z,5XUYK688,2019-04-09,2200-01-01 00:00:00
18808,Z8,Z81,Z8101,Z810100,JSOSD5,5XUYK688,2019-09-13,2200-01-01 00:00:00
66916,ZR,ZR1,ZR100,ZR10000,TJYT3A,J8XKU94W,2019-09-21,2200-01-01 00:00:00
22993,B0,B01,B0102,B010200,7I77VL,MMC2P4Y3,2019-06-26,2200-01-01 00:00:00
19763,B1,B11,B1100,B110000,71SM2O,HDHOCYPD,2019-10-01,2200-01-01 00:00:00
67667,B0,B01,B0100,B010007,7I77VL,5QQF7PWJ,2019-01-14,2200-01-01 00:00:00
32644,YT,YT1,YT101,YT10105,VZ44WY,HDHOCYPD,2018-02-19,2200-01-01 00:00:00
30449,8J,8J1,8J100,8J10007,GVL335,SKXXW8V9,2018-12-02,2019-03-28 00:00:00
79290,EH,EH1,EH102,EH10200,71SM2O,Z4ZXJ8UY,2019-06-13,2200-01-01 00:00:00
92847,Z8,Z81,Z8100,Z810000,SJP384,THSTSG81,2018-02-26,2019-08-24 00:00:00
85442,Z8,Z81,Z8100,Z810000,71SM2O,THSTSG81,2019-08-28,2200-01-01 00:00:00
31196,FE,FE1,FE100,FE10005,71SM2O,UWKPEFCJ,2018-04-26,2019-09-26 00:00:00
42888,AG,AG1,AG101,AG10100,3GFIMK,F87SIC0N,2018-05-17,2200-01-01 00:00:00
18966,M2,M21,M2100,M210007,VWHZMG,MMC2P4Y3,2018-07-23,2200-01-01 00:00:00
71650,8J,8J1,8J100,8J10000,4O4WSH,25T5WNRI,2018-11-28,2200-01-01 00:00:00
51103,Z8,Z81,Z8100,Z810000,FI3ASO,THSTSG81,2018-09-26,2200-01-01 00:00:00
23806,YT,YT1,YT100,YT10000,BLW9FG,THSTSG81,2018-03-01,2200-01-01 00:00:00
40130,AG,AG1,AG100,AG10000,LDLJFP,9XGMSC3X,2019-01-31,2200-01-01 00:00:00
21950,AG,AG1,AG101,AG10107,TJYT3A,R36KIEMV,2019-03-22,2200-01-01 00:00:00
45193,B1,B11,B1102,B110203,SJP384,3P2I0S6S,2018-04-28,2018-09-04 00:00:00
70167,LT,LT1,LT100,LT10000,SHL570,M2LFH9WE,2019-10-22,2200-01-01 00:00:00
59442,XG,XG1,XG100,XG10000,3GFIMK,4WL34OA2,2018-09-20,2018-12-15 00:00:00
56329,LT,LT1,LT100,LT10002,SJP384,N2CAIPJF,2019-01-02,2200-01-01 00:00:00
76032,GY,GY1,GY100,GY10000,JSOSD5,4WL34OA2,2018-01-05,2018-03-18 00:00:00
66419,H7,H71,H7100,H710006,JSOSD5,YTE7JS4H,2019-08-02,2200-01-01 00:00:00
33491,ZX,ZX1,ZX101,ZX10103,UEYMBB,MMC2P4Y3,2018-12-11,2200-01-01 00:00:00
39631,XG,XG1,XG100,XG10002,4HJSP5,38HT8FNL,2019-05-07,2200-01-01 00:00:00
34952,LT,LT1,LT102,LT10203,UH2WWF,GS4NPH2K,2019-09-11,2200-01-01 00:00:00
77860,RI,RI1,RI100,RI10002,3GFIMK,72PNE8FJ,2019-05-19,2200-01-01 00:00:00
15577,M2,M21,M2102,M210200,UEYMBB,H01VAI1S,2018-09-30,2200-01-01 00:00:00
89437,GY,GY1,GY101,GY10100,71SM2O,1F5HYT5P,2019-08-11,2200-01-01 00:00:00
28967,AG,AG1,AG100,AG10000,AWD3XQ,9XGMSC3X,2018-04-09,2200-01-01 00:00:00
11189,EH,EH1,EH101,EH10100,VZ44WY,UWKPEFCJ,2018-12-06,2200-01-01 00:00:00
11013,Z8,Z81,Z8100,Z810007,B4TA32,G6OB30M4,2019-06-04,2200-01-01 00:00:00
92700,GY,GY1,GY100,GY10007,7I77VL,25T5WNRI,2019-04-23,2200-01-01 00:00:00
87418,BJ,BJ1,BJ101,BJ10100,GVL335,1F5HYT5P,2018-01-03,2200-01-01 00:00:00
41069,ZX,ZX1,ZX102,ZX10200,4O4WSH,4LU3GS87,2018-12-24,2200-01-01 00:00:00
81897,BJ,BJ1,BJ102,BJ10203,3GFIMK,UWKPEFCJ,2019-09-30,2200-01-01 00:00:00
13338,BY,BY1,BY100,BY10007,VWHZMG,9J3MMTSQ,2018-09-07,2200-01-01 00:00:00
86270,GY,GY1,GY100,GY10000,TJYT3A,4WL34OA2,2019-02-26,2200-01-01 00:00:00
97055,70,701,70100,7010004,FI3ASO,YZ7ES5HU,2018-05-01,2019-11-09 00:00:00
33617,FE,FE1,FE100,FE10000,SHL570,3FAIRJ4W,2018-05-12,2019-03-24 00:00:00
77573,8J,8J1,8J100,8J10000,LDLJFP,25T5WNRI,2019-07-17,2200-01-01 00:00:00
64103,RI,RI1,RI101,RI10100,FI3ASO,Z4ZXJ8UY,2019-10-20,2200-01-01 00:00:00
81502,GY,GY1,GY102,GY10200,VZ44WY,3P2I0S6S,2018-09-25,2019-07-26 00:00:00
42439,8J,8J1,8J101,8J10102,GVL335,YZ7ES5HU,2019-03-27,2200-01-01 00:00:00
61567,FE,FE1,FE101,FE10100,BLW9FG,28V0149U,2018-05-14,2200-01-01 00:00:00
76818,GV,GV1,GV100,GV10000,BLW9FG,5IEJMU4O,2018-02-17,2018-07-02 00:00:00
35645,AG,AG1,AG101,AG10100,3GFIMK,F87SIC0N,2018-07-04,2200-01-01 00:00:00
74923,GY,GY1,GY100,GY10000,71SM2O,4WL34OA2,2019-10-01,2200-01-01 00:00:00
57569,Q5,Q51,Q5100,Q510000,2CI2A8,Z7FUX49S,2018-09-02,2200-01-01 00:00:00
37141,4W,4W1,4W100,4W10000,4HJSP5,O0Q22TYD,2019-08-19,2200-01-01 00:00:00
52820,M2,M21,M2102,M210200,H2OK0Z,H01VAI1S,2018-10-03,2200-01-01 00:00:00
18893,6L,6L1,6L102,6L10208,VZ44WY,XF98E5PI,2018-01-17,2200-01-01 00:00:00
91648,FE,FE1,FE101,FE10100,UEYMBB,28V0149U,2019-09-10,2200-01-01 00:00:00
41632,LT,LT1,LT100,LT10000,LDLJFP,M2LFH9WE,2018-02-16,2200-01-01 00:00:00
79907,SI,SI1,SI100,SI10000,2CI2A8,8FYENEWM,2019-03-02,2200-01-01 00:00:00
68476,15,151,15100,1510005,SJP384,Z7FUX49S,2018-07-26,2200-01-01 00:00:00
93101,ZX,ZX1,ZX100,ZX10005,71SM2O,G6OB30M4,2019-05-25,2200-01-01 00:00:00
64207,AG,AG1,AG100,AG10000,4HJSP5,9XGMSC3X,2018-09-06,2200-01-01 00:00:00
28126,6L,6L1,6L100,6L10000,AO59EQ,Q6NGRHUA,2018-08-19,2200-01-01 00:00:00
48668,B1,B11,B1100,B110000,71SM2O,HDHOCYPD,2019-08-09,2200-01-01 00:00:00
67009,GV,GV1,GV102,GV10206,UH2WWF,38HT8FNL,2018-01-22,2200-01-01 00:00:00
69978,B0,B01,B0102,B010200,FI3ASO,MMC2P4Y3,2018-02-25,2019-03-30 00:00:00
78442,4W,4W1,4W101,4W10108,TJYT3A,XF98E5PI,2018-04-06,2200-01-01 00:00:00
73914,G9,G91,G9100,G910000,B4TA32,MMC2P4Y3,2018-10-23,2019-03-25 00:00:00
30738,Z8,Z81,Z8100,Z810000,VZ44WY,THSTSG81,2019-04-07,2200-01-01 00:00:00
73213,GV,GV1,GV100,GV10000,LDLJFP,5IEJMU4O,2019-04-09,2200-01-01 00:00:00
44429,BY,BY1,BY100,BY10008,UH2WWF,W581KQD3,2018-09-02,2200-01-01 00:00:00
68587,MB,MB1,MB100,MB10007,VWHZMG,HDHOCYPD,2019-08-17,2200-01-01 00:00:00
24556,Z8,Z81,Z8100,Z810000,LDLJFP,THSTSG81,2018-04-05,2200-01-01 00:00:00
73047,15,151,15101,1510102,2CI2A8,8TMVJREA,2019-07-09,2200-01-01 00:00:00
96588,SI,SI1,SI100,SI10000,VWHZMG,8FYENEWM,2018-04-05,2200-01-01 00:00:00
17644,B0,B01,B0100,B010007,4HJSP5,5QQF7PWJ,2018-10-19,2019-02-05 00:00:00
43237,GV,GV1,GV100,GV10000,3GFIMK,5IEJMU4O,2018-08-23,2200-01-01 00:00:00
27364,GY,GY1,GY100,GY10000,AO59EQ,4WL34OA2,2018-12-24,2019-11-24 00:00:00
83255,LT,LT1,LT102,LT10200,UEYMBB,UEKGPFHF,2018-06-30,2019-10-23 00:00:00
87297,UA,UA1,UA100,UA10000,AO59EQ,484JDFU5,2019-07-10,2200-01-01 00:00:00
40685,M2,M21,M2102,M210206,SHL570,6VU0IOUP,2019-03-26,2200-01-01 00:00:00
11191,LT,LT1,LT100,LT10002,B4TA32,N2CAIPJF,2019-08-04,2200-01-01 00:00:00
14062,70,701,70100,7010000,7I77VL,02Q78ADY,2018-09-17,2019-12-28 00:00:00
87128,FE,FE1,FE100,FE10000,UH2WWF,3FAIRJ4W,2018-07-24,2200-01-01 00:00:00
74428,SI,SI1,SI101,SI10100,4O4WSH,H0PQ4U24,2018-10-13,2200-01-01 00:00:00
35522,UA,UA1,UA102,UA10202,SJP384,YZ7ES5HU,2019-09-05,2200-01-01 00:00:00
17309,LT,LT1,LT102,LT10200,GVL335,UEKGPFHF,2018-03-04,2019-07-13 00:00:00
33950,70,701,70100,7010000,T9BUA7,02Q78ADY,2019-04-25,2200-01-01 00:00:00
48336,B0,B01,B0101,B010100,VWHZMG,2XSAI69H,2018-05-12,2018-07-23 00:00:00
16915,H7,H71,H7100,H710005,T9BUA7,YZ7ES5HU,2018-12-07,2019-12-19 00:00:00
47619,UA,UA1,UA100,UA10004,JSOSD5,28V0149U,2019-10-25,2200-01-01 00:00:00
11801,H7,H71,H7100,H710000,3GFIMK,WKXRWTP7,2019-07-30,2200-01-01 00:00:00
47729,G9,G91,G9100,G910003,7I77VL,MMC2P4Y3,2019-03-18,2200-01-01 00:00:00
94018,ZR,ZR1,ZR100,ZR10000,7I77VL,J8XKU94W,2018-12-07,2019-12-07 00:00:00
10837,AQ,AQ1,AQ100,AQ10001,LDLJFP,HDHOCYPD,2018-05-20,2200-01-01 00:00:00
40429,K9,K91,K9100,K910008,SJP384,Z4ZXJ8UY,2019-02-25,2200-01-01 00:00:00
43395,4W,4W1,4W100,4W10003,BLW9FG,FJMH9IG1,2018-01-18,2200-01-01 00:00:00
35210,BJ,BJ1,BJ100,BJ10000,GVL335,2XSAI69H,2018-05-25,2019-03-05 00:00:00
37478,AQ,AQ1,AQ102,AQ10206,H2OK0Z,6VU0IOUP,2019-09-17,2200-01-01 00:00:00
23188,BY,BY1,BY100,BY10000,TJYT3A,5QQF7PWJ,2019-08-12,2200-01-01 00:00:00
56678,8J,8J1,8J100,8J10005,4HJSP5,5QQF7PWJ,2019-01-25,2200-01-01 00:00:00
88333,M2,M21,M2100,M210005,4HJSP5,YZ7ES5HU,2018-01-05,2200-01-01 00:00:00
44466,8J,8J1,8J102,8J10204,AWD3XQ,72PNE8FJ,2019-04-17,2200-01-01 00:00:00
82401,MB,MB1,MB102,MB10205,H2OK0Z,6VU0IOUP,2018-11-22,2200-01-01 00:00:00
95337,4W,4W1,4W101,4W10100,UEYMBB,28V0149U,2018-06-14,2200-01-01 00:00:00
24152,K9,K91,K9100,K910000,SHL570,THSTSG81,2019-06-10,2200-01-01 00:00:00
91082,ZX,ZX1,ZX100,ZX10004,SJP384,8FYENEWM,2019-10-16,2200-01-01 00:00:00
66602,K9,K91,K9101,K910105,SJP384,8TMVJREA,2019-05-30,2200-01-01 00:00:00
42391,70,701,70101,7010100,4O4WSH,5XUYK688,2018-02-07,2018-12-21 00:00:00
68294,BJ,BJ1,BJ100,BJ10000,SJP384,2XSAI69H,2018-04-22,2019-07-05 00:00:00
83291,LT,LT1,LT102,LT10200,VZ44WY,UEKGPFHF,2019-07-12,2200-01-01 00:00:00
70340,Z8,Z81,Z8100,Z810008,SJP384,M2LFH9WE,2018-03-08,2200-01-01 00:00:00
26331,M2,M21,M2102,M210200,2CI2A8,H01VAI1S,2019-06-17,2200-01-01 00:00:00
89177,Q5,Q51,Q5100,Q510000,UEYMBB,Z7FUX49S,2018-03-08,2019-01-21 00:00:00
32510,AG,AG1,AG100,AG10000,4O4WSH,9XGMSC3X,2019-08-12,2200-01-01 00:00:00
70470,K9,K91,K9100,K910002,BLW9FG,52JETVXH,2019-07-05,2200-01-01 00:00:00
84024,SI,SI1,SI100,SI10000,TJYT3A,8FYENEWM,2019-10-15,2200-01-01 00:00:00
20680,UA,UA1,UA100,UA10000,B4TA32,484JDFU5,2018-05-22,2200-01-01 00:00:00
41277,4W,4W1,4W101,4W10100,UH2WWF,28V0149U,2018-04-16,2019-06-27 00:00:00
76401,ZX,ZX1,ZX100,ZX10007,LDLJFP,H0PQ4U24,2018-09-15,2019-05-20 00:00:00
69851,B0,B01,B0100,B010000,4O4WSH,4P277OU8,2018-02-10,2018-09-27 00:00:00
70358,EH,EH1,EH102,EH10206,FI3ASO,M2LFH9WE,2018-02-08,2200-01-01 00:00:00
33873,GV,GV1,GV100,GV10001,AWD3XQ,SKXXW8V9,2018-11-15,2200-01-01 00:00:00
64504,GY,GY1,GY100,GY10003,7I77VL,FJMH9IG1,2018-11-04,2200-01-01 00:00:00
91743,UA,UA1,UA101,UA10104,AO59EQ,8QJHUA65,2018-12-15,2200-01-01 00:00:00
13110,B0,B01,B0100,B010000,FI3ASO,4P277OU8,2019-05-06,2200-01-01 00:00:00
31364,RI,RI1,RI100,RI10004,VWHZMG,UJWSTGEH,2018-03-30,2200-01-01 00:00:00
28089,UA,UA1,UA100,UA10003,JSOSD5,JK4UKBI2,2019-08-14,2200-01-01 00:00:00
78975,15,151,15102,1510203,71SM2O,AXB8H17D,2019-04-13,2200-01-01 00:00:00
12319,GY,GY1,GY100,GY10000,BLW9FG,4WL34OA2,2019-03-14,2200-01-01 00:00:00
44465,M2,M21,M2100,M210004,UEYMBB,4WL34OA2,2019-02-04,2200-01-01 00:00:00
82488,4W,4W1,4W100,4W10003,7I77VL,FJMH9IG1,2019-09-20,2200-01-01 00:00:00
43717,AQ,AQ1,AQ100,AQ10007,71SM2O,MMC2P4Y3,2019-03-05,2200-01-01 00:00:00
80459,H7,H71,H7100,H710000,JSOSD5,WKXRWTP7,2018-08-01,2200-01-01 00:00:00
17901,H7,H71,H7102,H710208,AO59EQ,W581KQD3,2019-05-23,2019-09-22 00:00:00
60411,FE,FE1,FE101,FE10103,H2OK0Z,LNOTDGF7,2018-10-23,2019-09-08 00:00:00
29760,UA,UA1,UA100,UA10007,VZ44WY,FJMH9IG1,2019-09-16,2200-01-01 00:00:00
59615,SI,SI1,SI100,SI10007,H2OK0Z,YZ7ES5HU,2019-10-20,2200-01-01 00:00:00
81807,B0,B01,B0100,B010000,7I77VL,4P277OU8,2018-02-28,2200-01-01 00:00:00
64252,Z8,Z81,Z8101,Z810101,VWHZMG,72PNE8FJ,2018-02-13,2200-01-01 00:00:00
56223,EH,EH1,EH100,EH10002,T9BUA7,AXB8H17D,2018-08-03,2019-02-20 00:00:00
62886,H7,H71,H7100,H710000,UEYMBB,WKXRWTP7,2018-12-08,2019-02-04 00:00:00
61041,M2,M21,M2101,M210100,JSOSD5,5QQF7PWJ,2019-09-04,2200-01-01 00:00:00
71488,Z8,Z81,Z8100,Z810005,VZ44WY,XF98E5PI,2018-05-04,2018-11-28 00:00:00
27029,ZR,ZR1,ZR100,ZR10002,VZ44WY,52JETVXH,2018-07-11,2200-01-01 00:00:00
95557,Q5,Q51,Q5100,Q510000,GVL335,Z7FUX49S,2018-03-27,2200-01-01 00:00:00
83297,15,151,15101,1510100,GVL335,WKXRWTP7,2019-08-24,2200-01-01 00:00:00
81439,LT,LT1,LT101,LT10108,4HJSP5,H01VAI1S,2018-06-11,2200-01-01 00:00:00
13979,M2,M21,M2100,M210000,AWD3XQ,02Q78ADY,2019-09-09,2200-01-01 00:00:00
49099,K9,K91,K9100,K910007,4HJSP5,6VU0IOUP,2018-07-22,2200-01-01 00:00:00
60934,G9,G91,G9100,G910001,JSOSD5,8FYENEWM,2019-08-23,2200-01-01 00:00:00
64998,G9,G91,G9100,G910000,LDLJFP,MMC2P4Y3,2018-03-07,2200-01-01 00:00:00
33677,AQ,AQ1,AQ100,AQ10000,UH2WWF,8FYENEWM,2018-09-16,2200-01-01 00:00:00
35009,70,701,70100,7010004,JSOSD5,YZ7ES5HU,2018-08-27,2200-01-01 00:00:00
89008,EH,EH1,EH101,EH10100,4HJSP5,UWKPEFCJ,2019-03-21,2019-09-03 00:00:00
31405,BY,BY1,BY100,BY10000,TJYT3A,5QQF7PWJ,2019-09-10,2200-01-01 00:00:00
28756,AQ,AQ1,AQ100,AQ10003,UH2WWF,4WL34OA2,2019-05-03,2200-01-01 00:00:00
19414,B0,B01,B0100,B010007,VZ44WY,5QQF7PWJ,2018-04-08,2200-01-01 00:00:00
26453,Z8,Z81,Z8100,Z810000,4HJSP5,THSTSG81,2019-01-15,2200-01-01 00:00:00
62214,AG,AG1,AG100,AG10000,AO59EQ,9XGMSC3X,2019-04-11,2200-01-01 00:00:00
22449,8J,8J1,8J100,8J10003,JSOSD5,6VU0IOUP,2019-02-12,2019-06-15 00:00:00
48239,ZX,ZX1,ZX100,ZX10000,7I77VL,8FYENEWM,2018-07-13,2018-09-18 00:00:00
40020,6L,6L1,6L100,6L10001,CHQKSO,JXS1Z5D7,2019-08-31,2200-01-01 00:00:00
33562,BJ,BJ1,BJ100,BJ10000,BLW9FG,2XSAI69H,2018-03-21,2200-01-01 00:00:00
45111,M2,M21,M2101,M210101,TJYT3A,4P277OU8,2019-09-17,2200-01-01 00:00:00
50551,ZX,ZX1,ZX100,ZX10000,JSOSD5,8FYENEWM,2019-10-25,2200-01-01 00:00:00
97537,GY,GY1,GY100,GY10000,AO59EQ,4WL34OA2,2018-11-14,2200-01-01 00:00:00
72410,BY,BY1,BY100,BY10000,BLW9FG,5QQF7PWJ,2019-08-02,2200-01-01 00:00:00
69057,LT,LT1,LT100,LT10001,B4TA32,3P2I0S6S,2018-07-20,2200-01-01 00:00:00
86171,UA,UA1,UA101,UA10100,TJYT3A,H0PQ4U24,2018-04-06,2200-01-01 00:00:00
90497,EH,EH1,EH102,EH10201,TJYT3A,28V0149U,2018-01-18,2019-07-14 00:00:00
69793,Q5,Q51,Q5100,Q510000,4O4WSH,Z7FUX49S,2019-01-07,2200-01-01 00:00:00
60280,G9,G91,G9100,G910000,SJP384,MMC2P4Y3,2018-01-18,2200-01-01 00:00:00
93798,BJ,BJ1,BJ100,BJ10007,LDLJFP,JXS1Z5D7,2018-06-20,2019-08-16 00:00:00
86167,UA,UA1,UA101,UA10107,BLW9FG,Z4ZXJ8UY,2019-07-12,2200-01-01 00:00:00
62532,8J,8J1,8J100,8J10002,FI3ASO,8TMVJREA,2018-06-24,2200-01-01 00:00:00
40038,ZX,ZX1,ZX100,ZX10008,B4TA32,R36KIEMV,2019-05-29,2200-01-01 00:00:00
70821,70,701,70102,7010200,SHL570,5XUYK688,2018-06-27,2019-03-19 00:00:00
22049,GY,GY1,GY102,GY10200,FI3ASO,3P2I0S6S,2019-05-11,2200-01-01 00:00:00
78927,BJ,BJ1,BJ102,BJ10200,SJP384,9J3MMTSQ,2019-01-01,2200-01-01 00:00:00
35617,AG,AG1,AG100,AG10000,H2OK0Z,9XGMSC3X,2019-03-17,2200-01-01 00:00:00
18377,ZX,ZX1,ZX100,ZX10000,LDLJFP,8FYENEWM,2019-07-14,2200-01-01 00:00:00
50389,GY,GY1,GY102,GY10202,UEYMBB,VCZNKWIS,2018-01-04,2200-01-01 00:00:00
29011,G9,G91,G9100,G910000,4O4WSH,MMC2P4Y3,2018-07-26,2200-01-01 00:00:00
69210,Q5,Q51,Q5100,Q510007,71SM2O,8FYENEWM,2018-04-16,2018-12-07 00:00:00
91469,LT,LT1,LT100,LT10000,SHL570,M2LFH9WE,2018-02-11,2200-01-01 00:00:00
68475,XG,XG1,XG101,XG10100,GVL335,9XGMSC3X,2018-08-22,2200-01-01 00:00:00
81314,RI,RI1,RI100,RI10003,SHL570,20SL2XLU,2019-02-10,2200-01-01 00:00:00
18969,BY,BY1,BY100,BY10000,UH2WWF,5QQF7PWJ,2018-06-19,2019-04-01 00:00:00
25021,GY,GY1,GY100,GY10000,T9BUA7,4WL34OA2,2018-06-17,2200-01-01 00:00:00
68588,6L,6L1,6L102,6L10200,2CI2A8,3P2I0S6S,2019-02-17,2200-01-01 00:00:00
15425,AQ,AQ1,AQ100,AQ10000,UH2WWF,8FYENEWM,2018-06-21,2200-01-01 00:00:00
52317,AG,AG1,AG100,AG10000,UEYMBB,9XGMSC3X,2019-03-24,2019-08-17 00:00:00
55400,MB,MB1,MB100,MB10000,UH2WWF,H01VAI1S,2018-12-21,2200-01-01 00:00:00
12938,LT,LT1,LT101,LT10108,CHQKSO,H01VAI1S,2018-08-11,2019-07-19 00:00:00
12995,70,701,70100,7010002,BLW9FG,G6OB30M4,2019-01-31,2200-01-01 00:00:00
14554,B1,B11,B1100,B110004,VWHZMG,2XSAI69H,2019-10-01,2200-01-01 00:00:00
63719,M2,M21,M2100,M210008,VZ44WY,VMB2NPY2,2019-02-24,2200-01-01 00:00:00
38728,K9,K91,K9100,K910005,7I77VL,R36KIEMV,2018-07-24,2019-01-04 00:00:00
42436,UA,UA1,UA100,UA10002,AWD3XQ,WKXRWTP7,2019-03-16,2200-01-01 00:00:00
69977,BJ,BJ1,BJ100,BJ10000,4O4WSH,2XSAI69H,2019-03-15,2200-01-01 00:00:00
39218,BJ,BJ1,BJ102,BJ10204,UEYMBB,72PNE8FJ,2019-10-23,2200-01-01 00:00:00
21874,Z8,Z81,Z8100,Z810002,FI3ASO,UWKPEFCJ,2018-01-10,2200-01-01 00:00:00
62050,SI,SI1,SI100,SI10000,CHQKSO,8FYENEWM,2018-11-12,2200-01-01 00:00:00
16363,GY,GY1,GY102,GY10200,JSOSD5,3P2I0S6S,2019-08-03,2200-01-01 00:00:00
57124,M2,M21,M2102,M210200,UEYMBB,H01VAI1S,2018-05-06,2019-03-13 00:00:00
87397,M2,M21,M2101,M210100,UEYMBB,5QQF7PWJ,2018-10-13,2019-02-09 00:00:00
65514,EH,EH1,EH100,EH10000,UEYMBB,9J3MMTSQ,2019-06-21,2019-11-16 00:00:00
69565,B1,B11,B1100,B110000,UEYMBB,HDHOCYPD,2018-05-13,2019-03-11 00:00:00
73035,Z8,Z81,Z8100,Z810005,3GFIMK,XF98E5PI,2018-08-09,2200-01-01 00:00:00
19737,4W,4W1,4W100,4W10007,JSOSD5,02Q78ADY,2019-01-12,2200-01-01 00:00:00
68758,B1,B11,B1100,B110000,BLW9FG,HDHOCYPD,2018-01-25,2018-06-19 00:00:00
26616,Q5,Q51,Q5101,Q510106,VWHZMG,8FYENEWM,2018-05-15,2019-06-01 00:00:00
46983,4W,4W1,4W100,4W10000,FI3ASO,O0Q22TYD,2018-04-19,2200-01-01 00:00:00
84677,BY,BY1,BY100,BY10000,AWD3XQ,5QQF7PWJ,2019-05-11,2200-01-01 00:00:00
82804,M2,M21,M2100,M210004,UEYMBB,4WL34OA2,2019-08-09,2200-01-01 00:00:00
74743,YT,YT1,YT100,YT10001,UEYMBB,LNOTDGF7,2018-03-19,2019-03-29 00:00:00
49562,H7,H71,H7100,H710000,TJYT3A,WKXRWTP7,2018-05-19,2200-01-01 00:00:00
30660,GY,GY1,GY102,GY10208,3GFIMK,Z4ZXJ8UY,2018-10-28,2200-01-01 00:00:00
23324,B1,B11,B1102,B110206,SJP384,R36KIEMV,2018-04-25,2200-01-01 00:00:00
28188,LT,LT1,LT101,LT10100,4HJSP5,VCZNKWIS,2018-12-04,2019-07-26 00:00:00
95888,AQ,AQ1,AQ100,AQ10005,AWD3XQ,4LU3GS87,2019-05-07,2200-01-01 00:00:00
97419,8J,8J1,8J100,8J10004,7I77VL,25T5WNRI,2018-03-10,2200-01-01 00:00:00
41162,LT,LT1,LT100,LT10000,UH2WWF,M2LFH9WE,2019-01-30,2200-01-01 00:00:00
59377,UA,UA1,UA100,UA10007,SJP384,FJMH9IG1,2019-10-02,2200-01-01 00:00:00
24078,K9,K91,K9102,K910201,2CI2A8,LNOTDGF7,2018-04-29,2019-01-20 00:00:00
41819,MB,MB1,MB101,MB10100,7I77VL,F87SIC0N,2019-03-22,2019-10-29 00:00:00
98103,15,151,15100,1510000,TJYT3A,4LU3GS87,2019-02-28,2200-01-01 00:00:00
67873,EH,EH1,EH100,EH10006,7I77VL,MMC2P4Y3,2018-12-18,2200-01-01 00:00:00
16147,UA,UA1,UA102,UA10200,UEYMBB,9XGMSC3X,2019-02-25,2200-01-01 00:00:00
46937,LT,LT1,LT100,LT10000,3GFIMK,M2LFH9WE,2019-01-10,2200-01-01 00:00:00
74526,BY,BY1,BY100,BY10008,4O4WSH,W581KQD3,2018-02-28,2200-01-01 00:00:00
68879,EH,EH1,EH100,EH10005,SJP384,1VPSWMTF,2019-08-28,2200-01-01 00:00:00
35968,SI,SI1,SI101,SI10101,GVL335,G6OB30M4,2018-05-11,2200-01-01 00:00:00
63493,MB,MB1,MB100,MB10005,BLW9FG,XF98E5PI,2018-07-24,2200-01-01 00:00:00
98774,SI,SI1,SI100,SI10005,71SM2O,F87SIC0N,2019-02-28,2200-01-01 00:00:00
20533,GV,GV1,GV100,GV10000,GVL335,5IEJMU4O,2019-04-14,2200-01-01 00:00:00
84441,GY,GY1,GY100,GY10007,4HJSP5,25T5WNRI,2018-11-23,2200-01-01 00:00:00
43138,Q5,Q51,Q5101,Q510108,T9BUA7,O0Q22TYD,2019-02-16,2200-01-01 00:00:00
35311,GY,GY1,GY101,GY10100,H2OK0Z,1F5HYT5P,2019-01-09,2019-03-14 00:00:00
54815,RI,RI1,RI101,RI10100,B4TA32,Z4ZXJ8UY,2019-01-05,2200-01-01 00:00:00
93624,6L,6L1,6L102,6L10200,VWHZMG,3P2I0S6S,2019-07-27,2200-01-01 00:00:00
26808,EH,EH1,EH101,EH10101,SHL570,02Q78ADY,2018-12-20,2200-01-01 00:00:00
79558,LT,LT1,LT100,LT10007,CHQKSO,8TMVJREA,2019-09-01,2019-12-11 00:00:00
68011,M2,M21,M2100,M210000,4HJSP5,02Q78ADY,2019-02-17,2200-01-01 00:00:00
19734,15,151,15102,1510200,2CI2A8,38HT8FNL,2019-03-19,2200-01-01 00:00:00
33568,6L,6L1,6L100,6L10001,UH2WWF,JXS1Z5D7,2018-02-07,2200-01-01 00:00:00
68592,M2,M21,M2100,M210003,7I77VL,KU7Q9EM1,2019-02-11,2200-01-01 00:00:00
27447,Q5,Q51,Q5100,Q510007,FI3ASO,8FYENEWM,2018-11-14,2019-06-23 00:00:00
36190,70,701,70100,7010001,VWHZMG,JXS1Z5D7,2018-09-10,2200-01-01 00:00:00
86662,4W,4W1,4W100,4W10001,VZ44WY,YTE7JS4H,2019-04-24,2200-01-01 00:00:00
84910,SI,SI1,SI100,SI10000,CHQKSO,8FYENEWM,2018-03-08,2200-01-01 00:00:00
86193,LT,LT1,LT100,LT10004,GVL335,LNOTDGF7,2019-10-04,2200-01-01 00:00:00
21593,B0,B01,B0100,B010003,4HJSP5,VMB2NPY2,2018-03-09,2200-01-01 00:00:00
20427,XG,XG1,XG101,XG10103,CHQKSO,9XGMSC3X,2018-05-11,2200-01-01 00:00:00
88144,GY,GY1,GY100,GY10000,4HJSP5,4WL34OA2,2019-07-27,2019-11-24 00:00:00
19703,Q5,Q51,Q5101,Q510102,71SM2O,THSTSG81,2018-08-03,2200-01-01 00:00:00
36487,GV,GV1,GV100,GV10000,JSOSD5,5IEJMU4O,2018-01-16,2018-11-29 00:00:00
53038,BY,BY1,BY102,BY10203,3GFIMK,1VPSWMTF,2018-04-03,2200-01-01 00:00:00
27600,H7,H71,H7102,H710203,AO59EQ,1F5HYT5P,2018-12-18,2200-01-01 00:00:00
58998,YT,YT1,YT100,YT10000,UEYMBB,THSTSG81,2018-09-11,2200-01-01 00:00:00
76988,UA,UA1,UA100,UA10000,UH2WWF,484JDFU5,2018-03-08,2019-08-10 00:00:00
30482,UA,UA1,UA100,UA10006,4HJSP5,8QJHUA65,2019-03-19,2200-01-01 00:00:00
85915,BJ,BJ1,BJ102,BJ10201,AO59EQ,VMB2NPY2,2018-03-02,2019-07-05 00:00:00
39544,G9,G91,G9101,G910107,B4TA32,79VL731U,2019-05-11,2200-01-01 00:00:00
16019,AQ,AQ1,AQ100,AQ10000,AO59EQ,8FYENEWM,2018-11-09,2200-01-01 00:00:00
